ticker,date,close,raw_close,high,low,open,volume
GLE FP,2024-01-31,23.96,23.96,24.14,23.71,23.86,2913975.0
KPN NA,2024-01-31,3.148,3.148,3.178,3.133,3.139,34160170.0
NK FP,2024-01-31,30.88,30.88,31.28,30.84,31.04,108134.0
ROVI SM,2024-01-31,64.05,64.05,64.75,63.25,63.25,64378.0
AALB NA,2024-01-31,36.98,36.98,37.55,36.94,37.27,165073.0
AALB NA,2024-02-01,36.73,36.73,37.1,36.72,36.8,166764.0
NK FP,2024-02-01,30.52,30.52,30.84,30.32,30.56,52304.0
ROVI SM,2024-02-01,63.35,63.35,64.8,63.25,64.0,55854.0
GLE FP,2024-02-01,23.0,23.0,23.56,22.775,23.21,6828591.0
KPN NA,2024-02-01,3.245,3.245,3.273,3.171,3.18,62335624.0
GLE FP,2024-02-02,23.105,23.105,23.33,23.015,23.2,2496063.0
KPN NA,2024-02-02,3.267,3.267,3.284,3.244,3.256,26171338.0
ROVI SM,2024-02-02,62.95,62.95,64.35,62.95,63.65,48692.0
NK FP,2024-02-02,30.66,30.66,31.8,30.62,31.6,101737.0
AALB NA,2024-02-02,36.4,36.4,37.21,36.4,37.04,179430.0
KPN NA,2024-02-05,3.245,3.245,3.3,3.245,3.271,20598264.0
GLE FP,2024-02-05,22.765,22.765,23.445,22.625,23.33,2968572.0
NK FP,2024-02-05,30.76,30.76,31.1,30.46,30.8,99800.0
ROVI SM,2024-02-05,65.2,65.2,65.3,62.8,62.85,85120.0
AALB NA,2024-02-05,35.77,35.77,36.7,35.51,36.4,192389.0
AALB NA,2024-02-06,36.29,36.29,36.29,35.59,35.88,166735.0
NK FP,2024-02-06,31.04,31.04,31.2,30.62,30.82,70082.0
ROVI SM,2024-02-06,64.95,64.95,65.75,64.55,65.5,62522.0
KPN NA,2024-02-06,3.213,3.213,3.249,3.188,3.241,41177812.0
GLE FP,2024-02-06,22.53,22.53,22.965,22.36,22.9,4172526.0
NK FP,2024-02-07,31.12,31.12,31.6,30.64,31.18,96730.0
ROVI SM,2024-02-07,66.0,66.0,66.15,64.65,64.65,65708.0
KPN NA,2024-02-07,3.253,3.253,3.276,3.204,3.214,23999220.0
AALB NA,2024-02-07,35.8,35.8,36.69,35.82,36.33,126798.0
GLE FP,2024-02-07,22.24,22.24,22.64,21.885,22.46,5183596.0
GLE FP,2024-02-08,22.025,22.025,22.99,21.265,22.245,6925496.0
AALB NA,2024-02-08,36.07,36.07,36.22,35.71,35.84,134855.0
ROVI SM,2024-02-08,66.5,66.5,67.0,65.7,66.2,57260.0
KPN NA,2024-02-08,3.225,3.225,3.251,3.219,3.242,11299139.0
NK FP,2024-02-08,31.14,31.14,31.64,31.14,31.2,55864.0
NK FP,2024-02-09,30.68,30.68,31.18,30.66,31.1,73650.0
AALB NA,2024-02-09,36.0,36.0,36.35,35.86,36.14,106273.0
GLE FP,2024-02-09,21.76,21.76,22.265,21.525,21.93,5247482.0
KPN NA,2024-02-09,3.238,3.238,3.241,3.209,3.221,13057442.0
ROVI SM,2024-02-09,67.7,67.7,67.7,66.3,66.5,113337.0
GLE FP,2024-02-12,21.715,21.715,21.875,21.545,21.745,3381932.0
KPN NA,2024-02-12,3.256,3.256,3.256,3.238,3.238,9546261.0
AALB NA,2024-02-12,36.27,36.27,36.55,36.08,36.11,96388.0
ROVI SM,2024-02-12,67.55,67.55,68.1,66.9,67.9,74887.0
NK FP,2024-02-12,30.88,30.88,31.18,30.7,30.9,64945.0
ROVI SM,2024-02-13,68.15,68.15,68.55,67.05,67.4,61972.0
NK FP,2024-02-13,30.74,30.74,30.98,30.5,30.86,67440.0
GLE FP,2024-02-13,21.605,21.605,21.855,21.42,21.745,3342689.0
KPN NA,2024-02-13,3.243,3.243,3.274,3.242,3.269,14627518.0
AALB NA,2024-02-13,35.61,35.61,36.16,35.24,36.15,122802.0
KPN NA,2024-02-14,3.205,3.205,3.26,3.187,3.25,13880819.0
ROVI SM,2024-02-14,69.2,69.2,69.5,67.55,67.9,78168.0
GLE FP,2024-02-14,21.63,21.63,21.87,21.41,21.43,2491765.0
AALB NA,2024-02-14,36.23,36.23,36.23,35.71,35.71,133137.0
NK FP,2024-02-14,31.16,31.16,31.24,30.46,30.54,56610.0
ROVI SM,2024-02-15,69.15,69.15,69.4,68.05,69.2,75878.0
KPN NA,2024-02-15,3.273,3.273,3.282,3.19,3.19,16228144.0
GLE FP,2024-02-15,21.84,21.84,21.915,21.49,21.665,3097884.0
NK FP,2024-02-15,31.6,31.6,31.76,31.0,31.48,58086.0
AALB NA,2024-02-15,36.78,36.78,37.13,36.57,36.57,142220.0
GLE FP,2024-02-16,22.005,22.005,22.35,21.98,22.05,2892366.0
KPN NA,2024-02-16,3.318,3.318,3.34,3.266,3.266,13319718.0
ROVI SM,2024-02-16,70.15,70.15,70.5,69.3,69.5,94136.0
NK FP,2024-02-16,32.16,32.16,32.22,31.68,31.74,75900.0
AALB NA,2024-02-16,37.25,37.25,37.53,36.97,37.09,164119.0
ROVI SM,2024-02-19,70.6,70.6,70.8,69.7,69.9,67049.0
AALB NA,2024-02-19,37.22,37.22,37.35,36.81,37.15,94879.0
GLE FP,2024-02-19,21.925,21.925,22.155,21.83,22.03,1735312.0
NK FP,2024-02-19,31.64,31.64,32.16,31.4,32.16,60514.0
KPN NA,2024-02-19,3.342,3.342,3.348,3.316,3.316,9322185.0
ROVI SM,2024-02-20,70.75,70.75,71.2,70.4,70.85,56802.0
KPN NA,2024-02-20,3.372,3.372,3.373,3.319,3.348,11460807.0
AALB NA,2024-02-20,36.85,36.85,37.13,36.58,37.03,116678.0
NK FP,2024-02-20,31.6,31.6,31.64,31.24,31.46,63396.0
GLE FP,2024-02-20,22.15,22.15,22.24,21.78,21.81,3217634.0
KPN NA,2024-02-21,3.357,3.357,3.384,3.347,3.361,12318019.0
GLE FP,2024-02-21,22.25,22.25,22.435,22.11,22.19,2288349.0
NK FP,2024-02-21,32.32,32.32,32.5,31.5,31.6,101925.0
ROVI SM,2024-02-21,70.7,70.7,71.0,70.0,70.55,62030.0
AALB NA,2024-02-21,36.82,36.82,37.13,36.6,36.96,143154.0
NK FP,2024-02-22,30.92,30.92,31.22,28.2,29.6,347597.0
ROVI SM,2024-02-22,71.7,71.7,72.05,71.0,71.0,160538.0
KPN NA,2024-02-22,3.362,3.362,3.377,3.352,3.36,11258225.0
GLE FP,2024-02-22,22.47,22.47,22.72,22.315,22.395,3479378.0
AALB NA,2024-02-22,39.49,39.49,41.28,39.13,39.13,620488.0
ROVI SM,2024-02-23,71.05,71.05,72.5,70.9,72.15,53906.0
KPN NA,2024-02-23,3.398,3.398,3.398,3.355,3.365,11739889.0
AALB NA,2024-02-23,40.2,40.2,40.2,39.12,39.38,223491.0
GLE FP,2024-02-23,22.495,22.495,22.54,22.285,22.45,1815990.0
NK FP,2024-02-23,31.1,31.1,32.0,30.86,31.38,134215.0
NK FP,2024-02-26,30.14,30.14,30.6,29.66,30.12,146985.0
AALB NA,2024-02-26,40.84,40.84,41.02,39.96,40.14,203922.0
GLE FP,2024-02-26,22.255,22.255,22.52,22.075,22.49,2886186.0
KPN NA,2024-02-26,3.354,3.354,3.405,3.353,3.395,9379876.0
ROVI SM,2024-02-26,71.5,71.5,72.45,71.0,71.15,58417.0
NK FP,2024-02-27,31.34,31.34,31.36,30.06,30.2,78427.0
AALB NA,2024-02-27,40.98,40.98,41.67,40.83,41.61,182059.0
GLE FP,2024-02-27,22.33,22.33,22.465,22.15,22.2,1900561.0
KPN NA,2024-02-27,3.369,3.369,3.37,3.343,3.35,8762213.0
ROVI SM,2024-02-27,67.5,67.5,69.8,64.25,69.55,483613.0
KPN NA,2024-02-28,3.386,3.386,3.405,3.371,3.371,13559830.0
GLE FP,2024-02-28,22.52,22.52,22.65,22.375,22.4,2381873.0
NK FP,2024-02-28,30.1,30.1,31.44,29.98,31.14,107122.0
AALB NA,2024-02-28,41.27,41.27,41.3,40.7,40.92,131030.0
ROVI SM,2024-02-28,70.9,70.9,71.1,67.2,67.2,162449.0
GLE FP,2024-02-29,22.43,22.43,22.73,22.32,22.575,4995178.0
KPN NA,2024-02-29,3.383,3.383,3.399,3.371,3.384,18741276.0
ROVI SM,2024-02-29,74.05,74.05,75.2,71.2,71.5,237952.0
AALB NA,2024-02-29,41.5,41.5,41.84,41.28,41.35,292721.0
NK FP,2024-02-29,29.24,29.24,30.58,29.24,30.3,93993.0
AALB NA,2024-03-01,41.83,41.83,41.94,41.37,41.8,179009.0
ROVI SM,2024-03-01,75.35,75.35,76.0,74.05,74.7,102505.0
GLE FP,2024-03-01,22.74,22.74,22.87,22.395,22.43,2645083.0
KPN NA,2024-03-01,3.389,3.389,3.408,3.374,3.375,7794417.0
NK FP,2024-03-01,29.74,29.74,29.8,29.14,29.3,58816.0
NK FP,2024-03-04,29.68,29.68,29.8,29.14,29.7,58900.0
AALB NA,2024-03-04,42.43,42.43,42.43,41.82,41.99,224884.0
KPN NA,2024-03-04,3.399,3.399,3.409,3.382,3.394,7162490.0
ROVI SM,2024-03-04,75.4,75.4,76.0,74.65,75.85,65304.0
GLE FP,2024-03-04,22.745,22.745,22.795,22.475,22.58,1663177.0
AALB NA,2024-03-05,41.56,41.56,42.43,41.39,42.26,134208.0
ROVI SM,2024-03-05,75.3,75.3,75.95,74.95,75.5,59057.0
KPN NA,2024-03-05,3.408,3.408,3.411,3.396,3.4,9042927.0
NK FP,2024-03-05,29.62,29.62,29.8,29.36,29.6,44573.0
GLE FP,2024-03-05,22.79,22.79,22.825,22.49,22.555,1877108.0
NK FP,2024-03-06,30.28,30.28,30.34,29.52,29.52,46066.0
ROVI SM,2024-03-06,75.35,75.35,75.45,73.95,75.3,50104.0
AALB NA,2024-03-06,42.2,42.2,42.2,41.5,41.67,97181.0
GLE FP,2024-03-06,22.78,22.78,23.165,22.74,22.89,2539441.0
KPN NA,2024-03-06,3.395,3.395,3.425,3.386,3.41,9360708.0
AALB NA,2024-03-07,41.87,41.87,42.18,41.56,41.92,121095.0
NK FP,2024-03-07,30.78,30.78,30.98,29.98,30.18,51575.0
KPN NA,2024-03-07,3.409,3.409,3.441,3.394,3.397,10415110.0
GLE FP,2024-03-07,23.135,23.135,23.275,22.66,22.66,3649693.0
ROVI SM,2024-03-07,78.9,78.9,79.9,75.35,75.35,151389.0
KPN NA,2024-03-08,3.44,3.44,3.44,3.394,3.408,10270336.0
GLE FP,2024-03-08,23.18,23.18,23.335,23.065,23.155,1758993.0
AALB NA,2024-03-08,42.5,42.5,42.55,41.78,41.78,144035.0
ROVI SM,2024-03-08,77.65,77.65,79.25,76.4,78.05,95916.0
NK FP,2024-03-08,30.66,30.66,30.88,30.52,30.72,36175.0
AALB NA,2024-03-11,42.69,42.69,42.69,41.7,42.06,120231.0
KPN NA,2024-03-11,3.446,3.446,3.465,3.437,3.443,10965045.0
GLE FP,2024-03-11,23.205,23.205,23.305,22.99,23.015,2195383.0
ROVI SM,2024-03-11,78.7,78.7,78.95,77.3,77.95,71620.0
NK FP,2024-03-11,30.02,30.02,30.4,29.82,30.34,39715.0
KPN NA,2024-03-12,3.424,3.424,3.456,3.42,3.442,12302980.0
NK FP,2024-03-12,29.92,29.92,30.28,29.88,30.2,42923.0
GLE FP,2024-03-12,23.635,23.635,23.875,23.295,23.32,3931046.0
ROVI SM,2024-03-12,76.5,76.5,79.1,76.25,79.1,95334.0
AALB NA,2024-03-12,43.3,43.3,43.32,42.64,42.94,139321.0
ROVI SM,2024-03-13,78.3,78.3,78.9,76.5,76.75,97443.0
AALB NA,2024-03-13,43.88,43.88,44.01,43.36,43.92,179659.0
NK FP,2024-03-13,29.9,29.9,30.12,29.82,30.12,39434.0
KPN NA,2024-03-13,3.415,3.415,3.44,3.395,3.424,13381957.0
GLE FP,2024-03-13,23.68,23.68,23.795,23.54,23.605,2367826.0
AALB NA,2024-03-14,43.63,43.63,44.29,43.62,44.03,182700.0
ROVI SM,2024-03-14,78.1,78.1,79.1,77.85,78.55,66064.0
KPN NA,2024-03-14,3.403,3.403,3.436,3.377,3.427,11201849.0
GLE FP,2024-03-14,23.47,23.47,23.845,23.24,23.68,3246815.0
NK FP,2024-03-14,29.82,29.82,30.16,29.82,30.0,44441.0
KPN NA,2024-03-15,3.391,3.391,3.418,3.391,3.409,33912972.0
GLE FP,2024-03-15,23.73,23.73,23.89,23.41,23.48,6679280.0
ROVI SM,2024-03-15,77.55,77.55,78.45,77.3,77.8,77506.0
NK FP,2024-03-15,29.8,29.8,30.06,29.8,29.96,54088.0
AALB NA,2024-03-15,43.53,43.53,44.18,43.17,43.6,231720.0
ROVI SM,2024-03-18,78.7,78.7,78.9,77.6,77.7,38916.0
KPN NA,2024-03-18,3.327,3.327,3.397,3.318,3.391,13739843.0
GLE FP,2024-03-18,23.71,23.71,24.05,23.575,23.77,2871179.0
NK FP,2024-03-18,29.82,29.82,29.9,29.64,29.8,57422.0
AALB NA,2024-03-18,44.18,44.18,44.69,44.1,44.55,123937.0
GLE FP,2024-03-19,24.03,24.03,24.24,23.66,23.7,3723131.0
KPN NA,2024-03-19,3.329,3.329,3.336,3.313,3.332,11645415.0
AALB NA,2024-03-19,44.17,44.17,44.25,43.62,43.95,129883.0
NK FP,2024-03-19,30.22,30.22,30.42,29.86,29.88,41954.0
ROVI SM,2024-03-19,79.5,79.5,79.75,78.25,78.45,39140.0
NK FP,2024-03-20,30.06,30.06,30.28,29.78,30.12,34047.0
ROVI SM,2024-03-20,78.7,78.7,79.95,78.55,79.5,45411.0
GLE FP,2024-03-20,24.07,24.07,24.17,23.84,23.965,1899346.0
KPN NA,2024-03-20,3.349,3.349,3.362,3.324,3.324,9562343.0
AALB NA,2024-03-20,44.13,44.13,44.2,43.88,44.05,123947.0
NK FP,2024-03-21,31.2,31.2,31.2,30.54,31.0,86124.0
GLE FP,2024-03-21,24.48,24.48,24.545,24.26,24.26,4181044.0
ROVI SM,2024-03-21,78.75,78.75,79.05,76.6,78.7,87354.0
KPN NA,2024-03-21,3.333,3.333,3.361,3.327,3.36,10236255.0
AALB NA,2024-03-21,45.16,45.16,45.16,44.27,44.73,186860.0
AALB NA,2024-03-22,44.79,44.79,45.37,44.7,45.1,130791.0
NK FP,2024-03-22,31.34,31.34,31.48,31.16,31.2,47023.0
ROVI SM,2024-03-22,79.7,79.7,79.75,77.8,77.8,35796.0
KPN NA,2024-03-22,3.37,3.37,3.37,3.34,3.342,10915198.0
GLE FP,2024-03-22,24.525,24.525,24.82,24.445,24.45,3441357.0
AALB NA,2024-03-25,44.33,44.33,44.96,44.14,44.76,74763.0
NK FP,2024-03-25,31.44,31.44,31.62,31.16,31.44,55010.0
KPN NA,2024-03-25,3.385,3.385,3.397,3.365,3.369,6722618.0
GLE FP,2024-03-25,24.06,24.06,24.395,24.06,24.33,2848157.0
ROVI SM,2024-03-25,80.4,80.4,80.95,79.5,79.9,38597.0
AALB NA,2024-03-26,44.51,44.51,44.67,44.2,44.3,98102.0
NK FP,2024-03-26,31.46,31.46,31.8,31.42,31.42,52268.0
ROVI SM,2024-03-26,80.15,80.15,80.9,79.25,80.7,52139.0
GLE FP,2024-03-26,24.24,24.24,24.355,23.93,23.975,3047775.0
KPN NA,2024-03-26,3.414,3.414,3.421,3.39,3.39,9053544.0
GLE FP,2024-03-27,24.245,24.245,24.43,24.005,24.18,2430928.0
KPN NA,2024-03-27,3.44,3.44,3.45,3.418,3.42,11496109.0
AALB NA,2024-03-27,44.44,44.44,44.74,44.3,44.45,94963.0
NK FP,2024-03-27,31.2,31.2,31.62,31.18,31.36,45798.0
ROVI SM,2024-03-27,80.65,80.65,81.5,79.6,80.5,82646.0
ROVI SM,2024-03-28,80.9,80.9,81.1,79.95,80.7,47120.0
GLE FP,2024-03-28,24.81,24.81,24.81,24.24,24.24,4643755.0
KPN NA,2024-03-28,3.466,3.466,3.481,3.443,3.45,10044911.0
AALB NA,2024-03-28,44.59,44.59,44.84,44.46,44.62,130398.0
NK FP,2024-03-28,31.58,31.58,31.58,31.28,31.5,191082.0
GLE FP,2024-04-02,24.8,24.8,25.045,24.595,24.6,3187430.0
KPN NA,2024-04-02,3.427,3.427,3.477,3.42,3.457,10663287.0
NK FP,2024-04-02,31.16,31.16,32.14,31.16,31.62,97425.0
ROVI SM,2024-04-02,81.95,81.95,83.3,81.85,81.9,91239.0
AALB NA,2024-04-02,45.22,45.22,45.74,44.62,44.62,166221.0
ROVI SM,2024-04-03,79.75,79.75,81.05,78.2,81.0,130000.0
GLE FP,2024-04-03,25.26,25.26,25.3,24.835,24.855,3657788.0
KPN NA,2024-04-03,3.418,3.418,3.444,3.408,3.433,8506671.0
AALB NA,2024-04-03,45.7,45.7,45.78,44.6,45.02,144441.0
NK FP,2024-04-03,30.8,30.8,31.36,30.78,31.1,102190.0
AALB NA,2024-04-04,46.12,46.12,46.12,45.74,45.74,149407.0
ROVI SM,2024-04-04,80.85,80.85,81.0,79.75,79.75,50731.0
NK FP,2024-04-04,30.78,30.78,30.98,30.72,30.86,49073.0
GLE FP,2024-04-04,25.51,25.51,25.58,25.305,25.31,3155434.0
KPN NA,2024-04-04,3.434,3.434,3.456,3.425,3.425,9434882.0
GLE FP,2024-04-05,25.055,25.055,25.28,24.82,25.21,3173611.0
ROVI SM,2024-04-05,81.75,81.75,81.8,80.15,80.5,67301.0
NK FP,2024-04-05,30.44,30.44,30.62,30.14,30.24,87785.0
KPN NA,2024-04-05,3.425,3.425,3.425,3.405,3.42,10553896.0
AALB NA,2024-04-05,45.76,45.76,45.78,44.96,45.38,172251.0
AALB NA,2024-04-08,46.0,46.0,46.28,45.7,45.76,115182.0
KPN NA,2024-04-08,3.416,3.416,3.422,3.408,3.419,6517523.0
NK FP,2024-04-08,30.94,30.94,31.1,30.36,30.44,125571.0
GLE FP,2024-04-08,25.09,25.09,25.245,24.975,25.0,1809724.0
ROVI SM,2024-04-08,82.5,82.5,83.0,81.4,81.55,62794.0
KPN NA,2024-04-09,3.45,3.45,3.45,3.41,3.412,10767040.0
NK FP,2024-04-09,30.06,30.06,30.22,29.34,29.94,146383.0
ROVI SM,2024-04-09,81.85,81.85,83.1,79.85,83.0,59531.0
GLE FP,2024-04-09,24.97,24.97,25.175,24.875,25.005,1614018.0
AALB NA,2024-04-09,45.8,45.8,46.4,45.8,46.0,89939.0
GLE FP,2024-04-10,25.15,25.15,25.425,24.905,25.14,2193367.0
KPN NA,2024-04-10,3.445,3.445,3.468,3.445,3.458,8874708.0
ROVI SM,2024-04-10,81.6,81.6,82.0,80.05,81.65,63797.0
NK FP,2024-04-10,29.62,29.62,30.3,29.62,30.14,69286.0
AALB NA,2024-04-10,45.8,45.8,46.52,45.16,46.2,137112.0
ROVI SM,2024-04-11,81.9,81.9,82.2,80.3,80.4,60953.0
GLE FP,2024-04-11,25.23,25.23,26.24,25.08,25.52,5271329.0
AALB NA,2024-04-11,45.08,45.08,46.2,44.98,45.66,121254.0
KPN NA,2024-04-11,3.414,3.414,3.458,3.405,3.432,8567184.0
NK FP,2024-04-11,29.32,29.32,29.74,29.26,29.54,62020.0
NK FP,2024-04-12,30.0,30.0,30.68,29.9,30.18,129013.0
AALB NA,2024-04-12,44.64,44.64,45.8,44.46,45.6,117854.0
ROVI SM,2024-04-12,82.25,82.25,83.55,81.75,81.75,46405.0
KPN NA,2024-04-12,3.402,3.402,3.44,3.397,3.425,6277702.0
GLE FP,2024-04-12,25.76,25.76,26.545,25.64,26.1,6436122.0
NK FP,2024-04-15,30.3,30.3,30.7,30.16,30.32,87257.0
ROVI SM,2024-04-15,82.85,82.85,83.3,81.75,82.0,41503.0
AALB NA,2024-04-15,44.66,44.66,44.94,44.42,44.7,95914.0
GLE FP,2024-04-15,24.975,24.975,26.0,24.96,25.87,4343352.0
KPN NA,2024-04-15,3.383,3.383,3.399,3.367,3.396,7283468.0
ROVI SM,2024-04-16,81.65,81.65,82.45,80.2,82.25,49908.0
GLE FP,2024-04-16,24.33,24.33,24.6,24.195,24.6,4854902.0
NK FP,2024-04-16,29.48,29.48,29.88,29.48,29.7,68890.0
AALB NA,2024-04-16,44.02,44.02,44.44,43.58,43.82,104612.0
KPN NA,2024-04-16,3.372,3.372,3.386,3.356,3.373,13466647.0
NK FP,2024-04-17,29.32,29.32,29.84,29.2,29.4,61346.0
AALB NA,2024-04-17,43.74,43.74,43.98,43.44,43.52,146648.0
GLE FP,2024-04-17,24.16,24.16,24.785,23.875,24.27,4453750.0
KPN NA,2024-04-17,3.378,3.378,3.41,3.37,3.38,9601239.0
ROVI SM,2024-04-17,80.7,80.7,82.45,80.5,81.9,61353.0
NK FP,2024-04-18,29.62,29.62,29.62,29.16,29.32,33941.0
ROVI SM,2024-04-18,79.45,79.45,81.05,78.35,80.8,67724.0
GLE FP,2024-04-18,24.71,24.71,24.71,24.235,24.235,2728222.0
AALB NA,2024-04-18,44.0,44.0,44.06,43.56,44.06,82457.0
KPN NA,2024-04-18,3.379,3.379,3.401,3.375,3.379,10555239.0
KPN NA,2024-04-19,3.321,3.321,3.33,3.27,3.27,13480877.0
NK FP,2024-04-19,29.66,29.66,29.7,29.16,29.34,47079.0
GLE FP,2024-04-19,24.75,24.75,24.85,24.34,24.5,2398321.0
AALB NA,2024-04-19,43.2,43.2,43.48,42.88,43.38,222515.0
ROVI SM,2024-04-19,79.4,79.4,79.5,77.75,78.7,59981.0
ROVI SM,2024-04-22,79.45,79.45,80.35,79.4,79.4,37668.0
GLE FP,2024-04-22,25.05,25.05,25.12,24.805,24.98,2626394.0
AALB NA,2024-04-22,43.62,43.62,43.86,43.5,43.58,63753.0
NK FP,2024-04-22,30.08,30.08,30.14,29.9,30.0,44955.0
KPN NA,2024-04-22,3.348,3.348,3.356,3.323,3.337,9357689.0
KPN NA,2024-04-23,3.395,3.395,3.397,3.345,3.346,12701314.0
ROVI SM,2024-04-23,80.45,80.45,80.65,79.45,79.75,36685.0
NK FP,2024-04-23,30.18,30.18,30.3,30.1,30.2,42293.0
AALB NA,2024-04-23,44.44,44.44,44.6,43.52,43.84,89929.0
GLE FP,2024-04-23,25.39,25.39,25.495,25.145,25.21,2574778.0
ROVI SM,2024-04-24,79.6,79.6,80.7,79.6,80.65,113831.0
KPN NA,2024-04-24,3.417,3.417,3.426,3.34,3.384,19686422.0
AALB NA,2024-04-24,44.34,44.34,44.94,44.36,44.74,108627.0
GLE FP,2024-04-24,25.28,25.28,25.525,25.045,25.5,3492778.0
NK FP,2024-04-24,29.86,29.86,30.3,29.86,30.3,31508.0
KPN NA,2024-04-25,3.436,3.436,3.451,3.4,3.435,12819911.0
GLE FP,2024-04-25,25.095,25.095,25.445,24.87,25.39,2157539.0
ROVI SM,2024-04-25,84.7,84.7,86.9,78.6,78.8,159176.0
NK FP,2024-04-25,29.76,29.76,29.98,29.6,29.9,27526.0
AALB NA,2024-04-25,43.76,43.76,44.3,43.46,44.24,110061.0
NK FP,2024-04-26,30.42,30.42,30.74,29.86,29.9,87885.0
KPN NA,2024-04-26,3.426,3.426,3.452,3.412,3.446,10532743.0
GLE FP,2024-04-26,25.335,25.335,25.595,25.235,25.35,2394809.0
ROVI SM,2024-04-26,85.0,85.0,85.3,82.5,84.15,79509.0
AALB NA,2024-04-26,44.5,44.5,44.7,44.12,44.12,75185.0
ROVI SM,2024-04-29,82.7,82.7,85.0,81.6,83.6,67230.0
AALB NA,2024-04-29,45.0,45.0,45.12,44.6,44.66,86964.0
GLE FP,2024-04-29,25.585,25.585,25.795,25.46,25.46,2463440.0
NK FP,2024-04-29,31.04,31.04,31.04,30.32,30.54,107745.0
KPN NA,2024-04-29,3.442,3.442,3.45,3.422,3.425,8950320.0
NK FP,2024-04-30,30.28,30.28,31.02,30.12,31.02,74715.0
KPN NA,2024-04-30,3.408,3.408,3.437,3.399,3.435,12509158.0
GLE FP,2024-04-30,25.39,25.39,25.69,25.335,25.615,2119153.0
ROVI SM,2024-04-30,84.3,84.3,84.95,82.65,82.75,57558.0
AALB NA,2024-04-30,44.92,44.92,45.2,44.76,45.0,133437.0
NK FP,2024-05-02,34.1,34.1,34.28,32.38,33.0,419820.0
AALB NA,2024-05-02,44.5,44.5,44.88,44.38,44.8,92795.0
KPN NA,2024-05-02,3.373,3.373,3.405,3.369,3.385,12113629.0
ROVI SM,2024-05-02,82.2,82.2,84.4,81.95,84.3,48110.0
GLE FP,2024-05-02,25.79,25.79,26.155,25.3,25.32,4191751.0
ROVI SM,2024-05-03,82.85,82.85,83.3,81.35,82.5,40853.0
KPN NA,2024-05-03,3.356,3.356,3.377,3.35,3.372,12119120.0
NK FP,2024-05-03,34.34,34.34,34.7,33.86,34.08,107039.0
GLE FP,2024-05-03,24.455,24.455,27.36,24.1,26.825,14137526.0
AALB NA,2024-05-03,45.24,45.24,45.72,44.68,44.8,70346.0
KPN NA,2024-05-06,3.363,3.363,3.375,3.344,3.352,5220462.0
ROVI SM,2024-05-06,84.45,84.45,85.35,83.75,84.0,58546.0
AALB NA,2024-05-06,45.74,45.74,45.74,45.26,45.34,57040.0
GLE FP,2024-05-06,24.205,24.205,24.455,23.745,24.43,4380307.0
NK FP,2024-05-06,35.0,35.0,35.16,34.32,34.48,139468.0
GLE FP,2024-05-07,24.81,24.81,24.885,24.23,24.335,3581631.0
KPN NA,2024-05-07,3.371,3.371,3.389,3.357,3.364,11705747.0
AALB NA,2024-05-07,46.26,46.26,46.26,45.8,46.0,165427.0
NK FP,2024-05-07,35.16,35.16,35.22,34.62,35.22,85492.0
ROVI SM,2024-05-07,82.8,82.8,84.35,82.2,84.0,48852.0
GLE FP,2024-05-08,24.95,24.95,25.1,24.695,24.885,2470249.0
ROVI SM,2024-05-08,81.4,81.4,83.2,79.1,83.05,72077.0
NK FP,2024-05-08,35.18,35.18,35.38,34.9,35.18,55169.0
AALB NA,2024-05-08,46.9,46.9,46.98,46.2,46.28,132834.0
KPN NA,2024-05-08,3.375,3.375,3.377,3.364,3.376,6324479.0
KPN NA,2024-05-09,3.416,3.416,3.433,3.371,3.374,7335835.0
ROVI SM,2024-05-09,81.55,81.55,82.0,79.85,82.0,83688.0
AALB NA,2024-05-09,47.2,47.2,47.68,47.22,47.38,97470.0
NK FP,2024-05-09,35.5,35.5,35.5,35.12,35.22,60542.0
GLE FP,2024-05-09,25.26,25.26,25.275,24.92,24.97,2622649.0
NK FP,2024-05-10,35.12,35.12,35.7,34.94,35.62,85419.0
ROVI SM,2024-05-10,83.6,83.6,83.95,81.7,81.8,64774.0
GLE FP,2024-05-10,25.92,25.92,26.01,25.43,25.43,4199270.0
KPN NA,2024-05-10,3.408,3.408,3.432,3.405,3.414,6284296.0
AALB NA,2024-05-10,47.4,47.4,47.62,46.96,47.28,119356.0
GLE FP,2024-05-13,26.26,26.26,26.71,25.925,25.93,3820625.0
AALB NA,2024-05-13,47.5,47.5,47.56,47.1,47.44,156743.0
ROVI SM,2024-05-13,84.55,84.55,84.65,82.6,83.0,32378.0
NK FP,2024-05-13,34.92,34.92,35.4,34.66,35.02,100457.0
KPN NA,2024-05-13,3.438,3.438,3.44,3.407,3.416,6413763.0
NK FP,2024-05-14,35.88,35.88,36.02,34.9,34.98,92110.0
ROVI SM,2024-05-14,84.4,84.4,85.6,84.2,85.0,38518.0
AALB NA,2024-05-14,47.4,47.4,47.8,46.74,46.78,181806.0
KPN NA,2024-05-14,3.441,3.441,3.452,3.43,3.441,8134121.0
GLE FP,2024-05-14,27.255,27.255,27.48,26.775,26.98,7397648.0
NK FP,2024-05-15,35.94,35.94,36.18,35.46,36.06,51095.0
AALB NA,2024-05-15,48.18,48.18,48.7,47.5,47.74,161634.0
KPN NA,2024-05-15,3.454,3.454,3.463,3.441,3.443,8483359.0
GLE FP,2024-05-15,27.435,27.435,27.73,27.065,27.155,3848408.0
ROVI SM,2024-05-15,85.75,85.75,85.85,84.05,84.3,64091.0
NK FP,2024-05-16,35.34,35.34,35.96,35.2,35.96,57702.0
ROVI SM,2024-05-16,85.75,85.75,86.95,85.4,86.3,46559.0
GLE FP,2024-05-16,27.265,27.265,27.46,27.145,27.4,2387188.0
KPN NA,2024-05-16,3.467,3.467,3.475,3.441,3.442,8945471.0
AALB NA,2024-05-16,47.86,47.86,48.48,47.86,48.3,106044.0
KPN NA,2024-05-17,3.494,3.494,3.496,3.465,3.465,11902587.0
AALB NA,2024-05-17,47.96,47.96,47.96,47.38,47.68,121817.0
GLE FP,2024-05-17,27.23,27.23,27.36,27.035,27.17,2384981.0
ROVI SM,2024-05-17,86.35,86.35,86.6,85.15,85.9,38530.0
NK FP,2024-05-17,35.44,35.44,35.66,35.28,35.36,50030.0
NK FP,2024-05-20,35.66,35.66,35.8,35.34,35.8,43081.0
KPN NA,2024-05-20,3.463,3.463,3.5,3.463,3.5,6091301.0
AALB NA,2024-05-20,48.2,48.2,48.28,47.8,47.96,56589.0
GLE FP,2024-05-20,27.845,27.845,27.95,27.29,27.325,3374365.0
ROVI SM,2024-05-20,87.8,87.8,87.85,86.35,86.35,30836.0
GLE FP,2024-05-21,27.445,27.445,27.805,26.865,27.8,3553998.0
AALB NA,2024-05-21,48.1,48.1,48.7,47.86,48.68,119507.0
ROVI SM,2024-05-21,88.2,88.2,88.7,86.8,88.0,46561.0
NK FP,2024-05-21,34.58,34.58,34.74,34.06,34.28,77949.0
KPN NA,2024-05-21,3.433,3.433,3.472,3.43,3.466,9826465.0
AALB NA,2024-05-22,46.34,46.34,46.68,45.74,46.26,177824.0
KPN NA,2024-05-22,3.439,3.439,3.446,3.416,3.431,7429728.0
GLE FP,2024-05-22,27.25,27.25,27.61,27.25,27.43,1482111.0
NK FP,2024-05-22,34.3,34.3,34.5,33.42,34.5,131099.0
ROVI SM,2024-05-22,88.85,88.85,88.85,87.95,88.25,26033.0
ROVI SM,2024-05-23,90.05,90.05,90.65,88.55,89.0,32349.0
GLE FP,2024-05-23,27.445,27.445,27.585,27.26,27.35,1894029.0
KPN NA,2024-05-23,3.433,3.433,3.456,3.42,3.447,5081948.0
AALB NA,2024-05-23,46.42,46.42,46.74,46.2,46.46,269799.0
NK FP,2024-05-23,34.46,34.46,34.5,33.98,34.3,51567.0
NK FP,2024-05-24,34.56,34.56,34.56,33.92,34.02,54228.0
KPN NA,2024-05-24,3.444,3.444,3.449,3.413,3.428,6386582.0
AALB NA,2024-05-24,46.18,46.18,46.44,45.66,45.9,158681.0
GLE FP,2024-05-24,27.31,27.31,27.4,26.925,27.14,2330745.0
ROVI SM,2024-05-24,91.5,91.5,91.6,89.15,90.05,30630.0
ROVI SM,2024-05-27,89.4,89.4,94.8,88.6,92.1,79410.0
GLE FP,2024-05-27,26.995,26.995,26.995,26.495,26.6,3451538.0
NK FP,2024-05-27,34.9,34.9,34.92,34.48,34.56,54924.0
AALB NA,2024-05-27,45.78,45.78,45.98,45.12,45.16,62867.0
KPN NA,2024-05-27,3.453,3.453,3.467,3.437,3.445,4034534.0
NK FP,2024-05-28,35.08,35.08,35.44,34.86,35.0,91294.0
ROVI SM,2024-05-28,88.5,88.5,90.95,87.6,89.2,64767.0
KPN NA,2024-05-28,3.416,3.416,3.462,3.416,3.457,7822791.0
AALB NA,2024-05-28,45.22,45.22,46.46,45.06,46.4,198837.0
GLE FP,2024-05-28,27.25,27.25,27.28,26.88,26.99,2274891.0
KPN NA,2024-05-29,3.446,3.446,3.462,3.409,3.409,9532921.0
NK FP,2024-05-29,34.96,34.96,35.24,34.86,35.0,76178.0
AALB NA,2024-05-29,44.16,44.16,45.1,44.12,45.1,82300.0
GLE FP,2024-05-29,27.075,27.075,27.28,26.865,27.155,2596687.0
ROVI SM,2024-05-29,88.1,88.1,89.95,87.7,89.25,30823.0
ROVI SM,2024-05-30,88.0,88.0,88.95,88.0,88.5,39694.0
GLE FP,2024-05-30,27.375,27.375,27.47,26.935,26.935,1952633.0
KPN NA,2024-05-30,3.444,3.444,3.468,3.444,3.457,7392600.0
AALB NA,2024-05-30,43.86,43.86,44.08,43.66,43.78,148789.0
NK FP,2024-05-30,35.82,35.82,35.84,34.86,34.88,105973.0
NK FP,2024-05-31,35.76,35.76,36.54,35.5,35.94,157169.0
AALB NA,2024-05-31,43.62,43.62,43.82,43.22,43.8,253427.0
GLE FP,2024-05-31,27.39,27.39,27.535,27.33,27.42,7739331.0
ROVI SM,2024-05-31,87.75,87.75,88.65,87.25,88.65,120959.0
KPN NA,2024-05-31,3.444,3.444,3.474,3.433,3.459,98909870.0
AALB NA,2024-06-03,43.8,43.8,44.4,43.6,44.14,66269.0
GLE FP,2024-06-03,26.965,26.965,27.72,26.91,27.46,3006612.0
ROVI SM,2024-06-03,88.75,88.75,88.95,84.65,87.75,51002.0
NK FP,2024-06-03,36.9,36.9,37.22,36.22,36.24,145173.0
KPN NA,2024-06-03,3.459,3.459,3.475,3.445,3.445,8842657.0
ROVI SM,2024-06-04,89.55,89.55,90.4,87.85,89.05,59860.0
NK FP,2024-06-04,38.06,38.06,38.16,36.7,36.9,237362.0
GLE FP,2024-06-04,26.425,26.425,27.025,26.24,26.905,3645144.0
AALB NA,2024-06-04,42.7,42.7,43.8,42.52,43.6,177394.0
KPN NA,2024-06-04,3.474,3.474,3.474,3.418,3.448,11280317.0
NK FP,2024-06-05,38.08,38.08,38.36,37.7,38.22,86108.0
GLE FP,2024-06-05,26.0,26.0,26.525,25.825,26.45,3643560.0
AALB NA,2024-06-05,43.2,43.2,43.34,42.74,42.8,150091.0
KPN NA,2024-06-05,3.483,3.483,3.563,3.481,3.49,12446319.0
ROVI SM,2024-06-05,90.0,90.0,90.25,88.45,89.7,43589.0
ROVI SM,2024-06-06,90.45,90.45,90.75,88.75,90.45,40349.0
GLE FP,2024-06-06,26.01,26.01,26.25,25.7,26.03,3722445.0
NK FP,2024-06-06,37.94,37.94,38.3,37.66,38.2,87476.0
KPN NA,2024-06-06,3.508,3.508,3.514,3.486,3.495,7334316.0
AALB NA,2024-06-06,43.24,43.24,43.72,43.2,43.5,101088.0
GLE FP,2024-06-07,26.02,26.02,26.165,25.74,26.06,2289347.0
NK FP,2024-06-07,38.0,38.0,38.1,37.66,38.0,53908.0
KPN NA,2024-06-07,3.51,3.51,3.513,3.487,3.505,7952658.0
ROVI SM,2024-06-07,90.0,90.0,90.65,89.55,90.4,28846.0
AALB NA,2024-06-07,42.9,42.9,43.32,42.72,43.2,117273.0
KPN NA,2024-06-10,3.501,3.501,3.513,3.484,3.5,5865779.0
ROVI SM,2024-06-10,89.15,89.15,89.65,88.7,89.3,30660.0
GLE FP,2024-06-10,24.08,24.08,24.82,23.71,24.59,15232204.0
NK FP,2024-06-10,37.76,37.76,37.9,37.28,37.6,91780.0
AALB NA,2024-06-10,42.96,42.96,42.96,42.46,42.6,85347.0
AALB NA,2024-06-11,42.4,42.4,43.16,42.3,43.0,84924.0
NK FP,2024-06-11,37.46,37.46,38.0,37.46,37.8,122840.0
KPN NA,2024-06-11,3.462,3.462,3.509,3.432,3.508,9836766.0
ROVI SM,2024-06-11,87.8,87.8,90.35,87.8,89.65,200328.0
GLE FP,2024-06-11,22.87,22.87,24.26,22.855,24.16,11738686.0
AALB NA,2024-06-12,43.06,43.06,43.22,42.48,42.56,247251.0
GLE FP,2024-06-12,23.35,23.35,23.59,22.72,23.01,8249378.0
NK FP,2024-06-12,38.16,38.16,38.48,37.7,37.7,167654.0
KPN NA,2024-06-12,3.442,3.442,3.476,3.441,3.47,8409311.0
ROVI SM,2024-06-12,88.15,88.15,88.55,86.8,88.5,54979.0
ROVI SM,2024-06-13,87.3,87.3,88.1,87.1,87.75,59428.0
KPN NA,2024-06-13,3.47,3.47,3.47,3.437,3.44,7511593.0
GLE FP,2024-06-13,22.97,22.97,23.475,22.75,23.3,8413715.0
AALB NA,2024-06-13,42.14,42.14,43.12,42.1,42.92,151704.0
NK FP,2024-06-13,37.2,37.2,38.5,37.2,38.0,121130.0
NK FP,2024-06-14,34.88,34.88,37.0,34.64,36.78,257063.0
AALB NA,2024-06-14,41.24,41.24,42.16,40.74,42.06,174565.0
ROVI SM,2024-06-14,86.8,86.8,87.2,85.05,87.15,94069.0
KPN NA,2024-06-14,3.496,3.496,3.497,3.443,3.456,11233813.0
GLE FP,2024-06-14,22.15,22.15,22.81,21.65,22.71,11578562.0
KPN NA,2024-06-17,3.49,3.49,3.514,3.469,3.503,8154637.0
AALB NA,2024-06-17,41.52,41.52,42.0,41.4,41.46,138232.0
NK FP,2024-06-17,34.78,34.78,35.16,34.44,34.44,147246.0
ROVI SM,2024-06-17,87.2,87.2,88.25,86.4,87.0,49603.0
GLE FP,2024-06-17,22.41,22.41,22.58,21.945,22.11,5562875.0
KPN NA,2024-06-18,3.538,3.538,3.538,3.508,3.514,9069794.0
ROVI SM,2024-06-18,85.2,85.2,86.15,84.65,85.45,61415.0
GLE FP,2024-06-18,22.43,22.43,22.87,22.25,22.72,3456432.0
NK FP,2024-06-18,35.78,35.78,36.14,35.28,35.28,106467.0
AALB NA,2024-06-18,41.5,41.5,42.06,41.28,42.04,107066.0
ROVI SM,2024-06-19,85.0,85.0,85.4,84.25,85.0,47740.0
NK FP,2024-06-19,35.82,35.82,36.42,35.6,35.66,136252.0
AALB NA,2024-06-19,41.38,41.38,41.56,41.06,41.5,118749.0
KPN NA,2024-06-19,3.573,3.573,3.583,3.541,3.541,7879194.0
GLE FP,2024-06-19,22.07,22.07,22.5,22.015,22.47,3855573.0
KPN NA,2024-06-20,3.61,3.61,3.616,3.574,3.578,9036399.0
ROVI SM,2024-06-20,86.05,86.05,86.05,84.95,85.1,61150.0
AALB NA,2024-06-20,41.7,41.7,41.94,41.5,41.52,80159.0
NK FP,2024-06-20,36.5,36.5,36.6,35.84,35.84,84084.0
GLE FP,2024-06-20,22.41,22.41,22.495,21.99,22.09,3850044.0
AALB NA,2024-06-21,40.88,40.88,41.6,40.7,41.54,223065.0
KPN NA,2024-06-21,3.583,3.583,3.628,3.582,3.607,36163824.0
NK FP,2024-06-21,35.24,35.24,36.54,35.24,36.24,148851.0
GLE FP,2024-06-21,22.1,22.1,22.35,21.955,22.35,5972263.0
ROVI SM,2024-06-21,82.2,82.2,86.0,80.2,85.7,154706.0
NK FP,2024-06-24,35.08,35.08,35.68,34.84,36.24,112733.0
GLE FP,2024-06-24,22.555,22.555,22.74,22.05,22.35,3263708.0
AALB NA,2024-06-24,41.42,41.42,41.42,40.46,41.54,144263.0
KPN NA,2024-06-24,3.611,3.611,3.613,3.564,3.607,7504840.0
ROVI SM,2024-06-24,83.55,83.55,83.85,82.15,82.65,217226.0
KPN NA,2024-06-25,3.592,3.592,3.61,3.587,3.608,9837364.0
GLE FP,2024-06-25,22.28,22.28,22.685,22.155,22.54,3088083.0
NK FP,2024-06-25,35.14,35.14,35.48,34.62,34.96,82723.0
AALB NA,2024-06-25,40.36,40.36,41.22,40.26,41.22,160414.0
ROVI SM,2024-06-25,83.0,83.0,83.95,82.7,83.95,40459.0
KPN NA,2024-06-26,3.549,3.549,3.595,3.522,3.583,9139887.0
GLE FP,2024-06-26,22.225,22.225,22.48,22.04,22.375,1875649.0
AALB NA,2024-06-26,37.98,37.98,40.55,37.98,40.5,318583.0
NK FP,2024-06-26,34.46,34.46,35.42,34.48,35.22,114691.0
ROVI SM,2024-06-26,85.4,85.4,86.75,83.4,83.5,120649.0
NK FP,2024-06-27,34.24,34.24,34.92,34.28,34.68,96217.0
GLE FP,2024-06-27,22.17,22.17,22.24,21.92,22.23,2834652.0
KPN NA,2024-06-27,3.568,3.568,3.576,3.552,3.554,6979902.0
AALB NA,2024-06-27,38.06,38.06,38.34,37.82,37.98,237868.0
ROVI SM,2024-06-27,86.95,86.95,87.45,85.7,87.05,77830.0
ROVI SM,2024-06-28,87.55,87.55,88.05,86.2,87.8,64539.0
AALB NA,2024-06-28,37.92,37.92,38.5,37.86,38.38,131654.0
NK FP,2024-06-28,33.58,33.58,34.34,33.22,34.24,148306.0
KPN NA,2024-06-28,3.58,3.58,3.58,3.561,3.575,12850878.0
GLE FP,2024-06-28,21.92,21.92,22.36,21.84,22.25,4481392.0
GLE FP,2024-07-01,22.6,22.6,23.81,22.6,23.8,9305636.0
AALB NA,2024-07-01,38.2,38.2,38.62,38.14,38.58,108157.0
KPN NA,2024-07-01,3.609,3.609,3.65,3.6,3.608,7425116.0
ROVI SM,2024-07-01,86.8,86.8,87.9,85.1,87.9,45013.0
NK FP,2024-07-01,34.06,34.06,34.68,34.16,34.4,67302.0
AALB NA,2024-07-02,38.32,38.32,38.42,37.72,37.96,128383.0
ROVI SM,2024-07-02,86.35,86.35,86.95,85.2,86.95,53573.0
GLE FP,2024-07-02,22.465,22.465,22.675,22.31,22.525,3075491.0
NK FP,2024-07-02,34.34,34.34,34.58,33.98,34.12,41959.0
KPN NA,2024-07-02,3.586,3.586,3.62,3.582,3.614,13175723.0
NK FP,2024-07-03,34.3,34.3,34.66,34.08,34.46,45586.0
AALB NA,2024-07-03,38.7,38.7,39.0,38.32,38.54,229415.0
KPN NA,2024-07-03,3.601,3.601,3.61,3.572,3.588,7175775.0
GLE FP,2024-07-03,22.955,22.955,23.24,22.58,22.6,4022063.0
ROVI SM,2024-07-03,84.95,84.95,86.55,84.4,86.3,51608.0
ROVI SM,2024-07-04,84.95,84.95,85.2,84.4,84.75,38990.0
AALB NA,2024-07-04,38.66,38.66,39.32,38.64,38.96,62228.0
KPN NA,2024-07-04,3.607,3.607,3.621,3.591,3.604,4413698.0
NK FP,2024-07-04,34.72,34.72,34.72,34.38,34.46,33908.0
GLE FP,2024-07-04,23.525,23.525,23.76,23.095,23.125,4205087.0
NK FP,2024-07-05,34.84,34.84,34.98,34.42,34.68,56160.0
AALB NA,2024-07-05,39.1,39.1,39.52,38.76,38.82,133224.0
KPN NA,2024-07-05,3.584,3.584,3.63,3.582,3.615,6718332.0
GLE FP,2024-07-05,23.675,23.675,23.675,23.33,23.51,2644018.0
ROVI SM,2024-07-05,85.5,85.5,86.75,84.8,84.8,50800.0
GLE FP,2024-07-08,23.375,23.375,24.125,23.235,23.455,3602863.0
ROVI SM,2024-07-08,84.75,84.75,85.7,84.0,84.1,70184.0
KPN NA,2024-07-08,3.615,3.615,3.625,3.586,3.596,6949964.0
NK FP,2024-07-08,34.8,34.8,35.48,34.36,34.56,64004.0
AALB NA,2024-07-08,39.3,39.3,39.62,38.84,39.1,98786.0
KPN NA,2024-07-09,3.643,3.643,3.643,3.604,3.611,8180660.0
GLE FP,2024-07-09,22.855,22.855,23.345,22.665,23.19,3309430.0
AALB NA,2024-07-09,38.06,38.06,39.36,38.06,39.28,204940.0
ROVI SM,2024-07-09,82.05,82.05,85.1,82.05,85.1,61188.0
NK FP,2024-07-09,33.08,33.08,35.0,33.1,34.86,111634.0
GLE FP,2024-07-10,23.095,23.095,23.14,22.715,22.98,1819705.0
ROVI SM,2024-07-10,82.9,82.9,82.9,81.1,82.15,72637.0
KPN NA,2024-07-10,3.675,3.675,3.687,3.644,3.645,9605343.0
AALB NA,2024-07-10,38.62,38.62,38.66,37.98,38.0,89085.0
NK FP,2024-07-10,33.04,33.04,33.52,33.04,33.2,55529.0
NK FP,2024-07-11,33.34,33.34,33.38,32.46,33.1,66416.0
KPN NA,2024-07-11,3.635,3.635,3.693,3.635,3.68,8650377.0
ROVI SM,2024-07-11,84.2,84.2,85.3,83.15,83.45,229278.0
AALB NA,2024-07-11,39.0,39.0,39.14,38.58,38.98,283699.0
GLE FP,2024-07-11,23.275,23.275,23.43,23.105,23.295,2121829.0
NK FP,2024-07-12,33.06,33.06,33.54,32.92,33.46,65572.0
ROVI SM,2024-07-12,86.3,86.3,87.35,83.9,83.9,58777.0
AALB NA,2024-07-12,40.32,40.32,40.32,38.8,38.98,250682.0
KPN NA,2024-07-12,3.64,3.64,3.659,3.627,3.637,6801985.0
GLE FP,2024-07-12,23.605,23.605,23.665,23.305,23.35,2354750.0
NK FP,2024-07-15,32.98,32.98,33.3,32.7,32.9,49149.0
ROVI SM,2024-07-15,86.0,86.0,87.7,85.65,86.6,152786.0
AALB NA,2024-07-15,40.32,40.32,40.62,39.88,40.06,148094.0
GLE FP,2024-07-15,23.535,23.535,23.72,23.27,23.42,2168642.0
KPN NA,2024-07-15,3.661,3.661,3.669,3.63,3.63,4840914.0
NK FP,2024-07-16,33.1,33.1,33.1,32.72,32.9,57744.0
AALB NA,2024-07-16,40.54,40.54,40.58,39.76,40.1,102912.0
GLE FP,2024-07-16,23.355,23.355,23.48,23.12,23.4,1689196.0
ROVI SM,2024-07-16,86.7,86.7,86.95,84.8,86.0,35192.0
KPN NA,2024-07-16,3.671,3.671,3.687,3.655,3.666,9278656.0
NK FP,2024-07-17,33.34,33.34,33.34,32.64,32.9,60795.0
GLE FP,2024-07-17,23.63,23.63,23.805,23.34,23.4,2094539.0
AALB NA,2024-07-17,40.7,40.7,40.74,40.14,40.36,164707.0
ROVI SM,2024-07-17,86.0,86.0,87.05,85.9,87.0,85400.0
KPN NA,2024-07-17,3.701,3.701,3.723,3.674,3.674,9103864.0
KPN NA,2024-07-18,3.743,3.743,3.76,3.706,3.713,8177275.0
AALB NA,2024-07-18,40.84,40.84,41.56,40.2,40.7,143118.0
GLE FP,2024-07-18,23.93,23.93,24.13,23.7,23.82,2641210.0
ROVI SM,2024-07-18,85.1,85.1,87.3,84.95,85.9,43529.0
NK FP,2024-07-18,33.56,33.56,34.02,33.3,33.36,54090.0
GLE FP,2024-07-19,23.75,23.75,23.785,23.535,23.7,2049513.0
NK FP,2024-07-19,33.18,33.18,33.56,32.86,33.56,30230.0
ROVI SM,2024-07-19,84.8,84.8,85.85,84.5,85.55,53908.0
AALB NA,2024-07-19,39.66,39.66,40.64,39.72,40.64,208665.0
KPN NA,2024-07-19,3.757,3.757,3.772,3.738,3.738,8791514.0
ROVI SM,2024-07-22,88.0,88.0,88.45,86.65,87.0,47684.0
NK FP,2024-07-22,33.82,33.82,33.96,33.46,33.46,54819.0
AALB NA,2024-07-22,41.12,41.12,41.18,39.86,39.86,136780.0
GLE FP,2024-07-22,23.95,23.95,24.07,23.76,23.89,1664907.0
KPN NA,2024-07-22,3.762,3.762,3.79,3.743,3.771,10228927.0
KPN NA,2024-07-23,3.77,3.77,3.774,3.74,3.757,5670161.0
GLE FP,2024-07-23,24.055,24.055,24.365,23.825,24.055,2757509.0
NK FP,2024-07-23,34.38,34.38,34.46,33.88,33.94,54546.0
AALB NA,2024-07-23,40.94,40.94,41.34,40.7,41.3,77873.0
ROVI SM,2024-07-23,87.85,87.85,88.95,87.45,88.55,28750.0
GLE FP,2024-07-24,24.02,24.02,24.125,23.56,24.04,1783030.0
NK FP,2024-07-24,34.02,34.02,34.46,33.16,34.3,69312.0
KPN NA,2024-07-24,3.638,3.638,3.813,3.599,3.813,15245312.0
ROVI SM,2024-07-24,87.2,87.2,88.05,86.55,87.6,39232.0
AALB NA,2024-07-24,40.12,40.12,40.7,39.92,40.46,175564.0
NK FP,2024-07-25,33.22,33.22,34.0,32.62,34.0,72259.0
GLE FP,2024-07-25,23.92,23.92,23.935,23.175,23.675,2218574.0
KPN NA,2024-07-25,3.694,3.694,3.696,3.619,3.628,9824975.0
ROVI SM,2024-07-25,88.05,88.05,88.15,86.75,87.0,37530.0
AALB NA,2024-07-25,36.32,36.32,38.2,36.26,38.0,432821.0
GLE FP,2024-07-26,23.95,23.95,24.075,23.79,23.92,1267037.0
AALB NA,2024-07-26,36.1,36.1,36.5,35.76,36.0,251400.0
NK FP,2024-07-26,33.5,33.5,33.6,33.0,33.14,44131.0
KPN NA,2024-07-26,3.634,3.634,3.638,3.601,3.603,5983946.0
ROVI SM,2024-07-26,88.55,88.55,88.7,83.4,86.8,45499.0
AALB NA,2024-07-29,35.34,35.34,36.72,35.34,36.36,154943.0
NK FP,2024-07-29,32.78,32.78,33.66,32.94,33.5,48376.0
ROVI SM,2024-07-29,88.8,88.8,89.5,88.35,88.5,51615.0
KPN NA,2024-07-29,3.624,3.624,3.648,3.62,3.64,5799865.0
GLE FP,2024-07-29,23.695,23.695,24.23,23.62,24.055,1952715.0
AALB NA,2024-07-30,35.2,35.2,35.66,35.22,35.3,347894.0
ROVI SM,2024-07-30,86.2,86.2,89.25,85.9,89.25,44291.0
NK FP,2024-07-30,32.04,32.04,32.92,31.16,32.0,178664.0
KPN NA,2024-07-30,3.628,3.628,3.639,3.609,3.624,8716129.0
GLE FP,2024-07-30,23.895,23.895,24.09,23.645,23.675,1640904.0
GLE FP,2024-07-31,23.98,23.98,24.07,23.74,24.0,2214632.0
KPN NA,2024-07-31,3.636,3.636,3.658,3.627,3.63,10352945.0
ROVI SM,2024-07-31,89.0,89.0,89.45,84.5,86.0,72287.0
AALB NA,2024-07-31,35.3,35.3,36.2,35.3,35.7,261849.0
NK FP,2024-07-31,31.44,31.44,32.24,31.38,32.22,101024.0
NK FP,2024-08-01,30.4,30.4,31.24,30.38,31.14,96675.0
GLE FP,2024-08-01,21.83,21.83,22.94,21.855,22.78,15387364.0
KPN NA,2024-08-01,3.629,3.629,3.638,3.61,3.63,6390244.0
ROVI SM,2024-08-01,85.25,85.25,88.95,85.15,87.9,54043.0
AALB NA,2024-08-01,34.3,34.3,35.3,34.26,35.22,138670.0
ROVI SM,2024-08-02,79.1,79.1,83.7,79.05,83.5,189733.0
AALB NA,2024-08-02,32.86,32.86,34.0,32.82,33.54,197585.0
KPN NA,2024-08-02,3.616,3.616,3.637,3.602,3.624,7668782.0
GLE FP,2024-08-02,20.535,20.535,21.405,20.39,21.35,9992518.0
NK FP,2024-08-02,29.66,29.66,30.64,29.66,30.32,134249.0
ROVI SM,2024-08-05,76.9,76.9,77.4,75.5,77.25,140803.0
AALB NA,2024-08-05,33.76,33.76,33.76,31.3,31.52,203101.0
KPN NA,2024-08-05,3.546,3.546,3.583,3.518,3.57,12145900.0
NK FP,2024-08-05,29.2,29.2,29.4,28.6,29.14,130188.0
GLE FP,2024-08-05,20.185,20.185,20.415,19.37,19.514,7910871.0
GLE FP,2024-08-06,20.105,20.105,20.71,19.886,20.67,3920844.0
AALB NA,2024-08-06,33.48,33.48,34.16,33.02,34.16,209976.0
KPN NA,2024-08-06,3.53,3.53,3.55,3.505,3.547,9702397.0
NK FP,2024-08-06,29.22,29.22,29.74,28.86,29.62,71311.0
ROVI SM,2024-08-06,76.65,76.65,77.35,75.6,77.0,85732.0
NK FP,2024-08-07,29.42,29.42,29.7,29.24,29.46,82978.0
ROVI SM,2024-08-07,77.0,77.0,78.5,76.2,77.4,72662.0
KPN NA,2024-08-07,3.576,3.576,3.576,3.533,3.537,12579618.0
AALB NA,2024-08-07,33.86,33.86,34.32,33.72,33.78,246026.0
GLE FP,2024-08-07,20.5,20.5,20.81,20.27,20.455,4190006.0
KPN NA,2024-08-08,3.549,3.549,3.581,3.549,3.576,7328221.0
NK FP,2024-08-08,29.28,29.28,29.32,28.96,29.26,57023.0
GLE FP,2024-08-08,20.425,20.425,20.47,20.08,20.345,2428630.0
AALB NA,2024-08-08,33.4,33.4,33.66,32.92,33.54,140450.0
ROVI SM,2024-08-08,76.7,76.7,76.95,75.15,76.0,72807.0
AALB NA,2024-08-09,33.42,33.42,33.72,33.22,33.54,103641.0
GLE FP,2024-08-09,20.43,20.43,20.73,20.335,20.545,1338392.0
ROVI SM,2024-08-09,76.65,76.65,77.0,76.15,77.0,56780.0
KPN NA,2024-08-09,3.571,3.571,3.571,3.534,3.548,6765420.0
NK FP,2024-08-09,29.22,29.22,29.82,29.2,29.4,80268.0
AALB NA,2024-08-12,33.36,33.36,33.72,33.34,33.5,71874.0
KPN NA,2024-08-12,3.58,3.58,3.582,3.571,3.582,4759700.0
NK FP,2024-08-12,29.28,29.28,29.82,29.22,29.64,70365.0
ROVI SM,2024-08-12,76.2,76.2,77.15,75.55,77.15,52181.0
GLE FP,2024-08-12,20.52,20.52,20.665,20.355,20.585,2013404.0
AALB NA,2024-08-13,33.44,33.44,33.58,33.2,33.44,112492.0
GLE FP,2024-08-13,20.535,20.535,20.64,20.38,20.615,1593155.0
NK FP,2024-08-13,29.0,29.0,29.52,29.0,29.3,77790.0
KPN NA,2024-08-13,3.59,3.59,3.591,3.566,3.586,5236814.0
ROVI SM,2024-08-13,76.3,76.3,76.6,75.45,76.6,49647.0
KPN NA,2024-08-14,3.588,3.588,3.609,3.566,3.6,4981528.0
NK FP,2024-08-14,29.56,29.56,29.56,28.98,29.06,34700.0
AALB NA,2024-08-14,33.32,33.32,33.62,33.28,33.6,133471.0
ROVI SM,2024-08-14,75.0,75.0,76.65,73.9,76.65,61134.0
GLE FP,2024-08-14,20.56,20.56,20.705,20.56,20.69,1450443.0
ROVI SM,2024-08-15,75.65,75.65,75.8,74.95,74.95,50423.0
NK FP,2024-08-15,29.64,29.64,29.82,29.38,29.62,35348.0
KPN NA,2024-08-15,3.571,3.571,3.601,3.571,3.596,6253541.0
AALB NA,2024-08-15,33.82,33.82,34.02,33.1,33.4,137346.0
GLE FP,2024-08-15,20.96,20.96,21.125,20.625,20.645,3251478.0
KPN NA,2024-08-16,3.587,3.587,3.587,3.563,3.571,5855744.0
GLE FP,2024-08-16,21.06,21.06,21.19,20.935,21.0,2156235.0
AALB NA,2024-08-16,33.76,33.76,34.08,33.56,33.92,81958.0
ROVI SM,2024-08-16,76.2,76.2,76.8,75.35,75.9,47074.0
NK FP,2024-08-16,30.02,30.02,30.02,29.7,29.76,70894.0
AALB NA,2024-08-19,34.16,34.16,34.16,33.62,33.74,264956.0
NK FP,2024-08-19,30.18,30.18,30.3,29.96,30.08,38173.0
ROVI SM,2024-08-19,76.55,76.55,76.55,75.65,76.25,32065.0
KPN NA,2024-08-19,3.587,3.587,3.597,3.578,3.594,4857471.0
GLE FP,2024-08-19,21.06,21.06,21.275,21.06,21.06,1825039.0
ROVI SM,2024-08-20,76.75,76.75,77.0,76.3,76.4,23626.0
KPN NA,2024-08-20,3.575,3.575,3.586,3.554,3.586,5546993.0
GLE FP,2024-08-20,20.97,20.97,21.245,20.96,21.12,1942346.0
NK FP,2024-08-20,30.02,30.02,30.46,29.94,30.3,48356.0
AALB NA,2024-08-20,33.94,33.94,34.32,33.94,34.2,57341.0
ROVI SM,2024-08-21,76.2,76.2,76.75,75.8,76.75,31501.0
KPN NA,2024-08-21,3.578,3.578,3.586,3.569,3.572,5027798.0
GLE FP,2024-08-21,21.21,21.21,21.4,20.97,20.97,2040779.0
AALB NA,2024-08-21,34.44,34.44,34.44,33.78,33.78,81011.0
NK FP,2024-08-21,30.3,30.3,30.3,30.04,30.04,28542.0
NK FP,2024-08-22,30.56,30.56,30.78,30.3,30.3,45377.0
GLE FP,2024-08-22,21.25,21.25,21.43,21.19,21.26,1505621.0
AALB NA,2024-08-22,34.42,34.42,34.7,34.3,34.4,74406.0
KPN NA,2024-08-22,3.564,3.564,3.585,3.564,3.581,6243360.0
ROVI SM,2024-08-22,76.9,76.9,77.0,75.55,75.75,44079.0
NK FP,2024-08-23,31.1,31.1,31.14,30.66,30.72,71650.0
AALB NA,2024-08-23,35.04,35.04,35.04,34.38,34.42,110022.0
GLE FP,2024-08-23,21.475,21.475,21.5,21.27,21.36,1753326.0
ROVI SM,2024-08-23,77.35,77.35,77.45,76.6,77.4,32377.0
KPN NA,2024-08-23,3.608,3.608,3.608,3.556,3.559,4766175.0
NK FP,2024-08-26,30.36,30.36,31.12,30.26,31.12,72636.0
AALB NA,2024-08-26,34.5,34.5,35.12,34.16,35.06,79886.0
KPN NA,2024-08-26,3.648,3.648,3.648,3.607,3.61,4442849.0
ROVI SM,2024-08-26,76.95,76.95,77.5,76.75,77.35,25744.0
GLE FP,2024-08-26,21.36,21.36,21.56,21.36,21.5,1202844.0
GLE FP,2024-08-27,21.61,21.61,21.72,21.315,21.32,2756172.0
KPN NA,2024-08-27,3.641,3.641,3.65,3.634,3.644,5249260.0
AALB NA,2024-08-27,34.62,34.62,34.74,34.44,34.62,94956.0
ROVI SM,2024-08-27,76.8,76.8,77.15,76.15,76.15,30183.0
NK FP,2024-08-27,30.06,30.06,30.2,29.7,29.8,96381.0
NK FP,2024-08-28,29.82,29.82,30.3,29.6,30.3,36045.0
AALB NA,2024-08-28,34.84,34.84,34.96,34.66,34.78,57444.0
KPN NA,2024-08-28,3.682,3.682,3.684,3.649,3.65,5061835.0
GLE FP,2024-08-28,21.625,21.625,21.78,21.49,21.735,1515787.0
ROVI SM,2024-08-28,77.8,77.8,78.2,77.0,77.0,34436.0
ROVI SM,2024-08-29,78.3,78.3,78.5,77.6,77.6,142880.0
NK FP,2024-08-29,30.0,30.0,30.1,29.82,29.82,51927.0
AALB NA,2024-08-29,35.04,35.04,35.14,34.76,34.78,69789.0
KPN NA,2024-08-29,3.684,3.684,3.708,3.682,3.682,5383862.0
GLE FP,2024-08-29,21.66,21.66,21.87,21.515,21.56,1647066.0
GLE FP,2024-08-30,21.83,21.83,21.95,21.75,21.75,2055849.0
ROVI SM,2024-08-30,79.55,79.55,80.1,78.4,79.0,79126.0
KPN NA,2024-08-30,3.693,3.693,3.712,3.687,3.687,17728256.0
AALB NA,2024-08-30,35.22,35.22,35.5,34.9,35.0,188345.0
NK FP,2024-08-30,30.3,30.3,30.4,29.92,30.0,93447.0
GLE FP,2024-09-02,21.785,21.785,21.92,21.55,21.83,1338472.0
KPN NA,2024-09-02,3.693,3.693,3.717,3.692,3.704,5672652.0
AALB NA,2024-09-02,35.3,35.3,35.36,34.74,35.3,82998.0
ROVI SM,2024-09-02,79.1,79.1,79.8,79.05,79.4,28499.0
NK FP,2024-09-02,30.38,30.38,30.48,29.66,30.4,42374.0
ROVI SM,2024-09-03,78.55,78.55,79.65,78.25,78.75,49303.0
NK FP,2024-09-03,29.76,29.76,30.72,29.68,30.46,69180.0
KPN NA,2024-09-03,3.701,3.701,3.705,3.68,3.7,8579871.0
AALB NA,2024-09-03,34.86,34.86,35.62,34.6,35.38,123311.0
GLE FP,2024-09-03,21.545,21.545,21.88,21.225,21.765,2899673.0
NK FP,2024-09-04,29.26,29.26,29.62,29.24,29.46,70416.0
ROVI SM,2024-09-04,78.4,78.4,78.7,76.75,77.05,50606.0
GLE FP,2024-09-04,21.48,21.48,21.52,21.08,21.1,2077532.0
AALB NA,2024-09-04,34.72,34.72,34.72,33.98,34.14,151793.0
KPN NA,2024-09-04,3.685,3.685,3.696,3.653,3.687,7709108.0
AALB NA,2024-09-05,34.22,34.22,34.8,34.22,34.6,103186.0
KPN NA,2024-09-05,3.748,3.748,3.749,3.683,3.683,6989161.0
NK FP,2024-09-05,29.58,29.58,30.16,29.1,29.2,45105.0
GLE FP,2024-09-05,22.0,22.0,22.335,21.395,21.45,5364707.0
ROVI SM,2024-09-05,78.95,78.95,78.95,77.6,78.0,50367.0
GLE FP,2024-09-06,21.825,21.825,22.23,21.695,21.955,3176350.0
AALB NA,2024-09-06,33.54,33.54,34.32,33.46,34.1,113871.0
KPN NA,2024-09-06,3.757,3.757,3.764,3.735,3.736,6294325.0
NK FP,2024-09-06,29.18,29.18,29.74,29.04,29.58,45758.0
ROVI SM,2024-09-06,80.8,80.8,81.15,79.15,79.4,80360.0
ROVI SM,2024-09-09,82.25,82.25,82.45,80.8,81.1,61382.0
GLE FP,2024-09-09,22.05,22.05,22.3,21.855,21.855,2506286.0
NK FP,2024-09-09,29.24,29.24,29.62,29.2,29.38,36556.0
AALB NA,2024-09-09,33.8,33.8,33.86,33.56,33.64,108511.0
KPN NA,2024-09-09,3.777,3.777,3.781,3.749,3.75,4813758.0
NK FP,2024-09-10,29.32,29.32,29.62,29.24,29.32,36141.0
AALB NA,2024-09-10,33.66,33.66,33.88,33.54,33.78,83931.0
KPN NA,2024-09-10,3.746,3.746,3.772,3.74,3.76,5669956.0
GLE FP,2024-09-10,21.805,21.805,22.21,21.66,22.025,2544712.0
ROVI SM,2024-09-10,76.45,76.45,82.3,76.45,81.05,307467.0
ROVI SM,2024-09-11,75.1,75.1,76.45,74.6,76.45,97330.0
NK FP,2024-09-11,29.04,29.04,29.74,29.02,29.4,59844.0
KPN NA,2024-09-11,3.755,3.755,3.762,3.722,3.736,8842441.0
AALB NA,2024-09-11,33.52,33.52,34.14,33.36,33.86,109876.0
GLE FP,2024-09-11,21.79,21.79,22.365,21.55,22.015,2985865.0
ROVI SM,2024-09-12,73.8,73.8,76.7,73.65,76.0,145716.0
GLE FP,2024-09-12,22.105,22.105,22.42,21.935,22.1,2956382.0
AALB NA,2024-09-12,34.02,34.02,34.32,33.78,34.12,105221.0
KPN NA,2024-09-12,3.697,3.697,3.772,3.697,3.768,9723400.0
NK FP,2024-09-12,28.9,28.9,29.52,28.5,29.46,86951.0
ROVI SM,2024-09-13,73.7,73.7,74.7,73.7,74.15,101325.0
GLE FP,2024-09-13,22.145,22.145,22.35,22.05,22.085,2530005.0
NK FP,2024-09-13,29.0,29.0,29.3,28.96,29.2,60488.0
AALB NA,2024-09-13,34.52,34.52,34.66,33.98,34.06,129896.0
KPN NA,2024-09-13,3.727,3.727,3.741,3.696,3.696,6011447.0
NK FP,2024-09-16,28.74,28.74,28.9,28.46,28.9,70544.0
ROVI SM,2024-09-16,74.95,74.95,76.85,74.05,74.2,178729.0
GLE FP,2024-09-16,22.275,22.275,22.3,22.01,22.05,1221064.0
KPN NA,2024-09-16,3.731,3.731,3.739,3.714,3.726,4067620.0
AALB NA,2024-09-16,34.0,34.0,34.52,33.92,34.5,76494.0
NK FP,2024-09-17,29.14,29.14,29.18,28.7,28.94,40633.0
KPN NA,2024-09-17,3.718,3.718,3.774,3.718,3.75,10645492.0
AALB NA,2024-09-17,34.18,34.18,34.54,34.12,34.2,159283.0
GLE FP,2024-09-17,22.615,22.615,22.82,22.395,22.41,3056903.0
ROVI SM,2024-09-17,74.0,74.0,75.85,73.7,74.65,86919.0
AALB NA,2024-09-18,34.0,34.0,34.28,33.94,34.16,108915.0
KPN NA,2024-09-18,3.688,3.688,3.729,3.684,3.718,7016649.0
GLE FP,2024-09-18,22.585,22.585,22.72,22.505,22.505,1994863.0
NK FP,2024-09-18,30.24,30.24,30.36,29.24,29.24,61008.0
ROVI SM,2024-09-18,73.95,73.95,75.5,73.95,75.1,108136.0
AALB NA,2024-09-19,36.18,36.18,36.18,34.38,34.38,356796.0
GLE FP,2024-09-19,22.885,22.885,23.055,22.795,22.9,3171805.0
NK FP,2024-09-19,31.18,31.18,31.24,30.42,30.62,99392.0
ROVI SM,2024-09-19,75.25,75.25,75.85,74.65,74.8,133518.0
KPN NA,2024-09-19,3.607,3.607,3.69,3.608,3.675,10950232.0
GLE FP,2024-09-20,22.635,22.635,22.98,22.635,22.89,3872369.0
ROVI SM,2024-09-20,73.25,73.25,75.5,72.75,75.15,121848.0
AALB NA,2024-09-20,34.92,34.92,36.0,34.86,36.0,566239.0
KPN NA,2024-09-20,3.626,3.626,3.655,3.582,3.6,21472112.0
NK FP,2024-09-20,30.62,30.62,31.16,30.6,31.16,60160.0
NK FP,2024-09-23,30.72,30.72,31.02,30.38,30.82,45703.0
ROVI SM,2024-09-23,72.9,72.9,73.35,72.7,73.25,42969.0
AALB NA,2024-09-23,35.0,35.0,35.3,34.48,34.76,130519.0
KPN NA,2024-09-23,3.643,3.643,3.668,3.625,3.642,6422041.0
GLE FP,2024-09-23,22.0,22.0,22.62,21.67,22.615,5968514.0
KPN NA,2024-09-24,3.655,3.655,3.655,3.6,3.634,6498261.0
AALB NA,2024-09-24,35.26,35.26,35.86,35.26,35.52,122065.0
ROVI SM,2024-09-24,72.05,72.05,73.15,71.45,72.9,167662.0
GLE FP,2024-09-24,22.4,22.4,22.695,22.09,22.185,3748046.0
NK FP,2024-09-24,31.02,31.02,31.26,30.74,31.14,44261.0
NK FP,2024-09-25,30.9,30.9,31.0,30.6,30.8,44852.0
ROVI SM,2024-09-25,71.95,71.95,72.7,71.65,72.55,52439.0
GLE FP,2024-09-25,22.15,22.15,22.3,21.99,22.28,2468498.0
KPN NA,2024-09-25,3.658,3.658,3.667,3.629,3.662,6189610.0
AALB NA,2024-09-25,34.76,34.76,35.16,34.68,34.96,87461.0
ROVI SM,2024-09-26,72.15,72.15,72.75,71.95,72.55,69244.0
AALB NA,2024-09-26,36.28,36.28,36.48,35.3,35.46,178919.0
KPN NA,2024-09-26,3.692,3.692,3.696,3.643,3.65,10878392.0
NK FP,2024-09-26,31.5,31.5,31.7,31.18,31.32,84724.0
GLE FP,2024-09-26,22.715,22.715,22.87,22.485,22.5,4104127.0
GLE FP,2024-09-27,22.895,22.895,23.095,22.75,22.79,2826568.0
AALB NA,2024-09-27,36.84,36.84,36.9,36.22,36.4,132324.0
NK FP,2024-09-27,31.6,31.6,31.68,31.2,31.58,108302.0
KPN NA,2024-09-27,3.67,3.67,3.72,3.663,3.696,12601170.0
ROVI SM,2024-09-27,72.2,72.2,72.35,71.6,72.25,67378.0
AALB NA,2024-09-30,36.44,36.44,36.78,36.22,36.62,113483.0
KPN NA,2024-09-30,3.669,3.669,3.694,3.656,3.676,8315466.0
ROVI SM,2024-09-30,71.6,71.6,72.65,71.6,71.7,49891.0
GLE FP,2024-09-30,22.35,22.35,22.6,22.04,22.6,4453339.0
NK FP,2024-09-30,29.78,29.78,30.98,29.34,30.94,137649.0
ROVI SM,2024-10-01,71.25,71.25,72.9,70.85,72.9,197982.0
GLE FP,2024-10-01,22.065,22.065,22.47,21.815,22.36,4416047.0
NK FP,2024-10-01,28.52,28.52,29.98,28.52,29.84,132549.0
KPN NA,2024-10-01,3.649,3.649,3.683,3.652,3.663,7096077.0
AALB NA,2024-10-01,35.9,35.9,36.66,35.74,36.52,120452.0
NK FP,2024-10-02,29.02,29.02,29.38,28.46,28.52,77774.0
ROVI SM,2024-10-02,71.5,71.5,71.95,70.7,70.95,55631.0
AALB NA,2024-10-02,36.0,36.0,36.02,35.5,35.9,96382.0
KPN NA,2024-10-02,3.624,3.624,3.649,3.608,3.642,8067547.0
GLE FP,2024-10-02,22.125,22.125,22.17,21.93,22.0,1694651.0
GLE FP,2024-10-03,21.835,21.835,22.065,21.71,22.015,2621235.0
NK FP,2024-10-03,28.54,28.54,29.22,28.52,28.98,64992.0
ROVI SM,2024-10-03,71.85,71.85,72.75,71.3,71.4,68356.0
AALB NA,2024-10-03,35.42,35.42,35.86,35.32,35.82,78282.0
KPN NA,2024-10-03,3.609,3.609,3.6465,3.602,3.611,5690527.0
AALB NA,2024-10-04,35.74,35.74,36.16,35.28,35.32,115248.0
KPN NA,2024-10-04,3.617,3.617,3.635,3.595,3.605,7293550.0
ROVI SM,2024-10-04,73.45,73.45,73.8,71.75,72.0,88466.0
GLE FP,2024-10-04,22.415,22.415,22.69,21.875,21.875,4947528.0
NK FP,2024-10-04,29.3,29.3,29.5,28.54,28.54,114222.0
KPN NA,2024-10-07,3.647,3.647,3.656,3.608,3.625,8268306.0
AALB NA,2024-10-07,35.3,35.3,36.0,35.04,35.92,114992.0
NK FP,2024-10-07,29.66,29.66,29.7,28.98,29.36,54031.0
GLE FP,2024-10-07,22.69,22.69,22.735,22.32,22.635,2523091.0
ROVI SM,2024-10-07,72.5,72.5,73.55,72.2,73.5,50821.0
NK FP,2024-10-08,29.18,29.18,29.82,29.02,29.26,54053.0
KPN NA,2024-10-08,3.666,3.666,3.674,3.639,3.646,6701242.0
ROVI SM,2024-10-08,73.75,73.75,73.8,72.1,72.35,61054.0
GLE FP,2024-10-08,22.745,22.745,22.75,22.45,22.49,1992508.0
AALB NA,2024-10-08,34.12,34.12,34.8,33.94,34.76,211339.0
NK FP,2024-10-09,28.82,28.82,29.16,28.5,29.1,81581.0
AALB NA,2024-10-09,34.4,34.4,34.78,34.14,34.16,305106.0
GLE FP,2024-10-09,22.905,22.905,23.03,22.51,22.72,2882209.0
KPN NA,2024-10-09,3.68,3.68,3.687,3.647,3.672,6909647.0
ROVI SM,2024-10-09,73.85,73.85,74.2,72.85,72.85,56423.0
GLE FP,2024-10-10,23.025,23.025,23.295,22.945,22.97,2206395.0
NK FP,2024-10-10,28.86,28.86,28.96,28.7,28.7,38936.0
KPN NA,2024-10-10,3.679,3.679,3.711,3.677,3.691,7724644.0
AALB NA,2024-10-10,34.38,34.38,34.68,34.06,34.66,173741.0
ROVI SM,2024-10-10,73.6,73.6,74.2,73.4,73.8,51501.0
AALB NA,2024-10-11,34.36,34.36,34.62,34.32,34.32,133169.0
ROVI SM,2024-10-11,74.2,74.2,74.25,73.4,73.55,33070.0
NK FP,2024-10-11,29.08,29.08,29.08,28.76,28.82,93096.0
GLE FP,2024-10-11,23.135,23.135,23.22,22.955,23.0,1817515.0
KPN NA,2024-10-11,3.69,3.69,3.69,3.67,3.673,5115273.0
GLE FP,2024-10-14,23.07,23.07,23.19,22.97,23.135,1460730.0
AALB NA,2024-10-14,34.72,34.72,34.8,34.36,34.48,132252.0
NK FP,2024-10-14,29.24,29.24,29.96,28.88,29.06,84245.0
KPN NA,2024-10-14,3.728,3.728,3.728,3.682,3.69,5321374.0
ROVI SM,2024-10-14,75.0,75.0,75.15,74.25,74.8,73590.0
KPN NA,2024-10-15,3.742,3.742,3.766,3.73,3.745,12715609.0
GLE FP,2024-10-15,23.11,23.11,23.235,22.865,23.005,2410701.0
NK FP,2024-10-15,28.92,28.92,29.44,28.8,29.22,51969.0
ROVI SM,2024-10-15,75.35,75.35,75.5,74.85,75.0,61763.0
AALB NA,2024-10-15,34.58,34.58,35.1,34.18,34.8,222333.0
KPN NA,2024-10-16,3.789,3.789,3.799,3.743,3.762,9769764.0
AALB NA,2024-10-16,34.02,34.02,34.62,34.04,34.2,212367.0
ROVI SM,2024-10-16,76.0,76.0,76.0,74.7,74.75,58944.0
NK FP,2024-10-16,28.78,28.78,29.0,28.5,28.52,60547.0
GLE FP,2024-10-16,23.175,23.175,23.305,22.87,22.96,2380268.0
AALB NA,2024-10-17,33.52,33.52,34.1,33.38,33.9,170605.0
NK FP,2024-10-17,29.0,29.0,29.34,28.7,28.76,37803.0
ROVI SM,2024-10-17,76.3,76.3,76.4,75.2,75.3,37698.0
KPN NA,2024-10-17,3.796,3.796,3.816,3.793,3.806,8591072.0
GLE FP,2024-10-17,23.52,23.52,23.675,23.245,23.255,3300254.0
AALB NA,2024-10-18,33.54,33.54,34.1,33.54,33.9,467327.0
KPN NA,2024-10-18,3.8,3.8,3.8,3.772,3.806,7557806.0
GLE FP,2024-10-18,23.955,23.955,24.225,23.4,23.43,4578667.0
NK FP,2024-10-18,29.36,29.36,29.64,28.88,28.88,34501.0
ROVI SM,2024-10-18,76.1,76.1,76.55,75.4,76.2,50296.0
NK FP,2024-10-21,28.74,28.74,29.7,28.74,29.2,55048.0
ROVI SM,2024-10-21,77.0,77.0,77.55,75.55,76.1,76832.0
AALB NA,2024-10-21,32.9,32.9,33.66,32.72,33.5,164001.0
GLE FP,2024-10-21,23.84,23.84,24.08,23.8,23.87,2373983.0
KPN NA,2024-10-21,3.792,3.792,3.809,3.785,3.798,4773652.0
ROVI SM,2024-10-22,76.85,76.85,77.15,76.2,77.0,50753.0
AALB NA,2024-10-22,33.62,33.62,33.62,32.92,32.94,221058.0
KPN NA,2024-10-22,3.756,3.756,3.777,3.738,3.774,6747133.0
GLE FP,2024-10-22,23.925,23.925,23.955,23.355,23.765,1770649.0
NK FP,2024-10-22,28.7,28.7,28.74,28.12,28.44,83671.0
KPN NA,2024-10-23,3.747,3.747,3.763,3.722,3.745,8501202.0
ROVI SM,2024-10-23,76.1,76.1,77.0,76.1,76.85,35232.0
AALB NA,2024-10-23,33.52,33.52,33.74,33.26,33.5,110876.0
NK FP,2024-10-23,29.12,29.12,29.18,28.2,28.9,83378.0
GLE FP,2024-10-23,23.85,23.85,24.03,23.8,23.87,1429098.0
ROVI SM,2024-10-24,72.8,72.8,74.8,70.7,74.6,336214.0
NK FP,2024-10-24,29.48,29.48,30.0,29.16,29.18,76105.0
GLE FP,2024-10-24,23.845,23.845,24.165,23.845,23.905,2205722.0
AALB NA,2024-10-24,33.98,33.98,35.22,33.86,34.96,366322.0
KPN NA,2024-10-24,3.767,3.767,3.79,3.74,3.741,7809774.0
KPN NA,2024-10-25,3.756,3.756,3.769,3.737,3.76,4915598.0
ROVI SM,2024-10-25,74.75,74.75,75.15,72.9,73.1,114535.0
AALB NA,2024-10-25,33.9,33.9,34.22,33.7,33.96,221058.0
GLE FP,2024-10-25,23.72,23.72,23.975,23.71,23.825,1662264.0
NK FP,2024-10-25,29.88,29.88,30.28,29.24,29.4,92970.0
KPN NA,2024-10-28,3.737,3.737,3.82,3.661,3.818,8949482.0
GLE FP,2024-10-28,23.845,23.845,24.03,23.655,23.87,2111582.0
NK FP,2024-10-28,29.54,29.54,29.92,29.12,29.92,97204.0
ROVI SM,2024-10-28,76.25,76.25,76.3,74.05,74.6,60106.0
AALB NA,2024-10-28,33.96,33.96,34.24,33.7,34.12,117703.0
NK FP,2024-10-29,28.98,28.98,29.6,28.94,29.48,52768.0
AALB NA,2024-10-29,33.76,33.76,34.06,33.56,33.96,164107.0
GLE FP,2024-10-29,23.795,23.795,24.175,23.785,23.995,1855472.0
ROVI SM,2024-10-29,78.3,78.3,78.8,76.45,76.45,113607.0
KPN NA,2024-10-29,3.715,3.715,3.773,3.705,3.746,6759646.0
NK FP,2024-10-30,28.06,28.06,28.78,27.88,28.7,141947.0
ROVI SM,2024-10-30,78.95,78.95,80.2,78.65,79.0,104137.0
GLE FP,2024-10-30,23.7,23.7,23.74,23.345,23.53,2831384.0
KPN NA,2024-10-30,3.638,3.638,3.726,3.638,3.719,14021182.0
AALB NA,2024-10-30,33.6,33.6,33.86,33.34,33.58,148189.0
GLE FP,2024-10-31,26.385,26.385,26.51,25.28,25.75,15267248.0
ROVI SM,2024-10-31,78.1,78.1,79.2,76.5,78.9,79854.0
NK FP,2024-10-31,29.68,29.68,30.66,27.84,27.96,215912.0
AALB NA,2024-10-31,33.16,33.16,33.54,32.9,33.2,123426.0
KPN NA,2024-10-31,3.593,3.593,3.626,3.566,3.62,11831391.0
NK FP,2024-11-01,29.74,29.74,30.1,29.36,29.58,77789.0
ROVI SM,2024-11-01,79.9,79.9,79.9,77.7,77.8,75268.0
GLE FP,2024-11-01,27.275,27.275,27.595,26.67,26.71,8269910.0
AALB NA,2024-11-01,33.46,33.46,33.48,33.02,33.32,86672.0
KPN NA,2024-11-01,3.628,3.628,3.641,3.591,3.596,5426560.0
GLE FP,2024-11-04,27.19,27.19,27.295,26.815,27.025,3383211.0
AALB NA,2024-11-04,33.32,33.32,33.68,33.28,33.4,87536.0
NK FP,2024-11-04,29.92,29.92,30.4,29.36,29.6,98700.0
ROVI SM,2024-11-04,77.7,77.7,79.75,77.4,79.25,50110.0
KPN NA,2024-11-04,3.647,3.647,3.653,3.62,3.62,5687286.0
NK FP,2024-11-05,30.84,30.84,30.96,30.0,30.0,104888.0
ROVI SM,2024-11-05,76.6,76.6,77.8,76.15,77.6,60017.0
AALB NA,2024-11-05,33.26,33.26,33.52,33.02,33.28,114725.0
GLE FP,2024-11-05,26.775,26.775,27.005,26.74,26.92,3033060.0
KPN NA,2024-11-05,3.603,3.603,3.659,3.589,3.656,6675933.0
ROVI SM,2024-11-06,75.65,75.65,78.2,75.1,78.2,68681.0
NK FP,2024-11-06,32.24,32.24,32.44,31.34,31.4,198008.0
AALB NA,2024-11-06,33.1,33.1,34.46,32.74,33.18,169312.0
GLE FP,2024-11-06,27.075,27.075,28.025,26.58,27.0,5406152.0
KPN NA,2024-11-06,3.612,3.612,3.626,3.594,3.62,7054700.0
ROVI SM,2024-11-07,65.75,65.75,71.9,64.75,71.9,424907.0
KPN NA,2024-11-07,3.589,3.589,3.623,3.577,3.608,7357146.0
AALB NA,2024-11-07,35.14,35.14,35.56,33.5,34.92,272836.0
NK FP,2024-11-07,32.18,32.18,32.96,32.2,32.5,152723.0
GLE FP,2024-11-07,26.79,26.79,27.2,26.665,27.14,3948930.0
GLE FP,2024-11-08,26.55,26.55,26.865,26.515,26.685,2411764.0
NK FP,2024-11-08,31.44,31.44,32.12,31.34,32.12,90811.0
AALB NA,2024-11-08,35.12,35.12,36.2,34.86,36.08,131074.0
ROVI SM,2024-11-08,64.6,64.6,67.7,63.75,65.75,163016.0
KPN NA,2024-11-08,3.618,3.618,3.618,3.577,3.597,6702092.0
ROVI SM,2024-11-11,66.25,66.25,66.35,65.2,65.5,106953.0
GLE FP,2024-11-11,26.83,26.83,26.93,26.555,26.71,2075880.0
KPN NA,2024-11-11,3.623,3.623,3.642,3.617,3.629,6090214.0
NK FP,2024-11-11,31.5,31.5,31.86,31.44,31.74,26129.0
AALB NA,2024-11-11,35.8,35.8,36.06,35.3,35.32,132226.0
ROVI SM,2024-11-12,65.35,65.35,66.0,64.9,66.0,229096.0
AALB NA,2024-11-12,35.1,35.1,35.5,34.92,35.3,159554.0
KPN NA,2024-11-12,3.544,3.544,3.616,3.55,3.614,9024999.0
NK FP,2024-11-12,30.88,30.88,31.14,30.7,31.12,42770.0
GLE FP,2024-11-12,26.445,26.445,26.735,26.315,26.575,2938726.0
NK FP,2024-11-13,30.9,30.9,31.24,30.7,30.88,64037.0
ROVI SM,2024-11-13,65.4,65.4,66.65,64.7,64.9,252427.0
KPN NA,2024-11-13,3.56,3.56,3.57,3.533,3.535,7493431.0
AALB NA,2024-11-13,34.34,34.34,35.06,34.14,34.92,110948.0
GLE FP,2024-11-13,25.855,25.855,26.39,25.66,26.3,3067176.0
AALB NA,2024-11-14,35.34,35.34,35.36,34.26,34.42,157965.0
KPN NA,2024-11-14,3.542,3.542,3.594,3.497,3.59,11072899.0
NK FP,2024-11-14,30.9,30.9,31.14,30.58,30.98,67507.0
GLE FP,2024-11-14,26.205,26.205,26.34,25.825,25.965,3453742.0
ROVI SM,2024-11-14,65.2,65.2,65.45,63.75,65.0,82126.0
ROVI SM,2024-11-15,62.15,62.15,63.55,61.75,63.5,204403.0
AALB NA,2024-11-15,35.22,35.22,35.52,34.9,34.98,109686.0
KPN NA,2024-11-15,3.524,3.524,3.55,3.519,3.542,9888960.0
GLE FP,2024-11-15,26.11,26.11,26.365,25.97,26.07,2196481.0
NK FP,2024-11-15,30.78,30.78,31.2,30.62,30.86,47933.0
AALB NA,2024-11-18,35.26,35.26,35.46,34.98,35.28,115469.0
GLE FP,2024-11-18,26.545,26.545,26.595,26.1,26.15,2135466.0
ROVI SM,2024-11-18,62.2,62.2,63.1,62.25,62.25,78006.0
NK FP,2024-11-18,30.76,30.76,31.14,30.46,30.7,77793.0
KPN NA,2024-11-18,3.549,3.549,3.549,3.514,3.537,5513247.0
AALB NA,2024-11-19,34.66,34.66,35.64,34.3,35.32,111670.0
KPN NA,2024-11-19,3.572,3.572,3.581,3.53,3.534,7204806.0
GLE FP,2024-11-19,26.16,26.16,26.71,25.76,26.52,2956445.0
ROVI SM,2024-11-19,61.65,61.65,62.7,61.25,62.2,69962.0
NK FP,2024-11-19,30.08,30.08,31.36,29.88,30.78,75207.0
GLE FP,2024-11-20,26.54,26.54,26.615,26.28,26.28,2821816.0
NK FP,2024-11-20,29.54,29.54,30.4,29.54,30.14,30942.0
KPN NA,2024-11-20,3.566,3.566,3.593,3.56,3.581,4612963.0
AALB NA,2024-11-20,34.04,34.04,35.0,34.18,35.0,73596.0
ROVI SM,2024-11-20,62.0,62.0,62.55,61.65,62.0,95908.0
AALB NA,2024-11-21,33.88,33.88,34.06,33.52,33.9,72522.0
KPN NA,2024-11-21,3.6,3.6,3.605,3.555,3.566,5561017.0
NK FP,2024-11-21,29.42,29.42,29.76,29.3,29.44,55255.0
ROVI SM,2024-11-21,61.85,61.85,62.3,61.05,61.85,84875.0
GLE FP,2024-11-21,26.64,26.64,26.745,26.305,26.62,2304538.0
ROVI SM,2024-11-22,63.0,63.0,63.0,61.85,61.85,95390.0
GLE FP,2024-11-22,25.95,25.95,27.065,25.715,26.86,3247120.0
NK FP,2024-11-22,29.88,29.88,29.9,29.1,29.44,47656.0
AALB NA,2024-11-22,34.1,34.1,34.24,33.54,34.06,125115.0
KPN NA,2024-11-22,3.62,3.62,3.629,3.596,3.601,6091122.0
GLE FP,2024-11-25,25.8,25.8,26.22,25.49,26.155,3169614.0
KPN NA,2024-11-25,3.65,3.65,3.653,3.603,3.625,21796772.0
AALB NA,2024-11-25,34.46,34.46,34.66,34.22,34.3,211577.0
ROVI SM,2024-11-25,63.05,63.05,63.55,62.45,62.9,95682.0
NK FP,2024-11-25,29.52,29.52,30.18,29.12,29.9,58018.0
ROVI SM,2024-11-26,62.7,62.7,63.1,62.1,63.0,43867.0
NK FP,2024-11-26,28.66,28.66,29.26,28.62,29.22,85592.0
AALB NA,2024-11-26,33.9,33.9,34.58,33.9,34.06,112840.0
KPN NA,2024-11-26,3.641,3.641,3.656,3.625,3.641,4005799.0
GLE FP,2024-11-26,25.435,25.435,25.875,25.335,25.455,2591174.0
ROVI SM,2024-11-27,64.0,64.0,64.1,62.9,63.0,60327.0
GLE FP,2024-11-27,24.55,24.55,25.07,24.305,25.065,4514296.0
NK FP,2024-11-27,28.32,28.32,28.66,28.1,28.5,89654.0
AALB NA,2024-11-27,34.04,34.04,34.18,33.8,33.82,82602.0
KPN NA,2024-11-27,3.669,3.669,3.672,3.642,3.647,5517580.0
ROVI SM,2024-11-28,63.85,63.85,64.7,63.85,64.4,67863.0
KPN NA,2024-11-28,3.678,3.678,3.685,3.666,3.68,2877911.0
NK FP,2024-11-28,28.7,28.7,28.82,28.16,28.44,42630.0
GLE FP,2024-11-28,24.995,24.995,25.08,24.53,24.6,2648341.0
AALB NA,2024-11-28,34.38,34.38,34.58,34.24,34.24,83222.0
NK FP,2024-11-29,28.3,28.3,28.74,28.16,28.54,65884.0
AALB NA,2024-11-29,36.38,36.38,36.54,35.34,36.48,354513.0
ROVI SM,2024-11-29,64.45,64.45,64.6,63.45,63.55,44840.0
KPN NA,2024-11-29,3.671,3.671,3.678,3.654,3.671,4484970.0
GLE FP,2024-11-29,25.095,25.095,25.095,24.75,24.8,2629595.0
AALB NA,2024-12-02,36.42,36.42,36.5,35.8,36.0,154342.0
GLE FP,2024-12-02,24.44,24.44,24.94,24.23,24.46,4738280.0
NK FP,2024-12-02,27.46,27.46,28.08,27.46,28.08,116177.0
ROVI SM,2024-12-02,64.2,64.2,64.95,63.8,64.65,62767.0
KPN NA,2024-12-02,3.677,3.677,3.695,3.655,3.666,6180028.0
NK FP,2024-12-03,27.18,27.18,27.8,27.08,27.14,85430.0
ROVI SM,2024-12-03,63.0,63.0,64.8,63.0,64.55,77228.0
AALB NA,2024-12-03,36.44,36.44,36.76,36.4,36.48,121814.0
KPN NA,2024-12-03,3.665,3.665,3.676,3.653,3.67,5432459.0
GLE FP,2024-12-03,24.275,24.275,24.87,24.03,24.58,2686962.0
ROVI SM,2024-12-04,63.25,63.25,63.65,62.75,63.5,78804.0
KPN NA,2024-12-04,3.646,3.646,3.67,3.631,3.666,6186457.0
GLE FP,2024-12-04,24.56,24.56,24.675,24.15,24.155,2614703.0
NK FP,2024-12-04,27.52,27.52,27.82,27.22,27.22,116225.0
AALB NA,2024-12-04,37.22,37.22,37.22,36.38,36.38,173099.0
KPN NA,2024-12-05,3.717,3.717,3.717,3.65,3.654,6806698.0
ROVI SM,2024-12-05,63.75,63.75,63.85,63.0,63.6,68784.0
GLE FP,2024-12-05,25.615,25.615,25.715,24.405,24.405,4792048.0
AALB NA,2024-12-05,37.32,37.32,37.36,36.88,37.1,203682.0
NK FP,2024-12-05,27.76,27.76,27.96,27.4,27.4,121670.0
ROVI SM,2024-12-06,63.6,63.6,64.1,63.25,63.7,77789.0
KPN NA,2024-12-06,3.732,3.732,3.74,3.71,3.731,6657503.0
AALB NA,2024-12-06,37.7,37.7,37.7,37.12,37.32,165591.0
NK FP,2024-12-06,28.06,28.06,28.06,27.52,27.64,78288.0
GLE FP,2024-12-06,25.935,25.935,26.3,25.615,25.65,3737986.0
GLE FP,2024-12-09,26.745,26.745,26.85,26.26,26.35,3666250.0
KPN NA,2024-12-09,3.678,3.678,3.73,3.671,3.724,6310707.0
NK FP,2024-12-09,28.84,28.84,28.94,28.02,28.14,60211.0
AALB NA,2024-12-09,38.02,38.02,38.42,37.7,38.22,164245.0
ROVI SM,2024-12-09,63.4,63.4,64.15,62.55,63.8,102925.0
NK FP,2024-12-10,28.7,28.7,28.84,28.34,28.84,52112.0
KPN NA,2024-12-10,3.59,3.59,3.662,3.583,3.65,6133464.0
AALB NA,2024-12-10,36.9,36.9,37.98,36.84,37.94,184022.0
GLE FP,2024-12-10,26.675,26.675,26.755,26.57,26.66,1922582.0
ROVI SM,2024-12-10,63.4,63.4,63.9,63.4,63.8,77186.0
AALB NA,2024-12-11,35.92,35.92,36.8,35.64,36.8,225620.0
ROVI SM,2024-12-11,63.4,63.4,63.8,62.7,63.55,41046.0
NK FP,2024-12-11,28.64,28.64,28.78,28.44,28.6,25252.0
GLE FP,2024-12-11,26.83,26.83,27.19,26.785,26.8,2963606.0
KPN NA,2024-12-11,3.568,3.568,3.608,3.558,3.588,6304123.0
KPN NA,2024-12-12,3.566,3.566,3.595,3.545,3.558,5081920.0
GLE FP,2024-12-12,27.31,27.31,27.42,26.85,27.285,3491999.0
ROVI SM,2024-12-12,63.2,63.2,63.6,62.6,63.6,39428.0
NK FP,2024-12-12,28.76,28.76,28.9,28.66,28.7,36847.0
AALB NA,2024-12-12,35.64,35.64,35.82,35.16,35.74,164077.0
NK FP,2024-12-13,28.42,28.42,28.9,28.32,28.84,49066.0
AALB NA,2024-12-13,35.06,35.06,35.88,35.06,35.5,156155.0
GLE FP,2024-12-13,27.175,27.175,27.455,27.035,27.26,1962764.0
ROVI SM,2024-12-13,62.05,62.05,63.35,62.0,63.25,42529.0
KPN NA,2024-12-13,3.608,3.608,3.617,3.562,3.571,6570475.0
NK FP,2024-12-16,28.12,28.12,28.48,27.72,28.08,54670.0
ROVI SM,2024-12-16,63.05,63.05,63.1,61.65,62.05,81731.0
KPN NA,2024-12-16,3.616,3.616,3.618,3.59,3.609,5540395.0
AALB NA,2024-12-16,35.04,35.04,35.3,34.68,34.96,117947.0
GLE FP,2024-12-16,27.055,27.055,27.22,26.6,26.955,1884058.0
ROVI SM,2024-12-17,61.45,61.45,63.2,61.2,63.2,59946.0
GLE FP,2024-12-17,26.69,26.69,27.105,26.68,26.885,2356380.0
KPN NA,2024-12-17,3.567,3.567,3.595,3.559,3.573,9998771.0
AALB NA,2024-12-17,35.0,35.0,35.2,34.94,35.0,188245.0
NK FP,2024-12-17,27.54,27.54,28.1,27.5,27.9,45522.0
KPN NA,2024-12-18,3.567,3.567,3.583,3.555,3.563,8428940.0
GLE FP,2024-12-18,26.94,26.94,27.105,26.635,26.725,2072513.0
AALB NA,2024-12-18,35.02,35.02,35.54,34.8,35.02,215398.0
ROVI SM,2024-12-18,62.05,62.05,62.25,60.9,61.15,45820.0
NK FP,2024-12-18,27.4,27.4,27.54,26.74,27.42,68901.0
GLE FP,2024-12-19,26.77,26.77,26.825,26.32,26.355,2199883.0
AALB NA,2024-12-19,33.54,33.54,34.64,33.52,34.26,219202.0
NK FP,2024-12-19,26.52,26.52,26.9,26.52,26.9,69402.0
ROVI SM,2024-12-19,60.95,60.95,62.35,60.6,61.5,99992.0
KPN NA,2024-12-19,3.552,3.552,3.571,3.533,3.56,7559856.0
AALB NA,2024-12-20,33.86,33.86,34.06,33.02,33.2,371623.0
NK FP,2024-12-20,26.94,26.94,26.94,26.14,26.5,384144.0
KPN NA,2024-12-20,3.509,3.509,3.54,3.494,3.54,26896892.0
ROVI SM,2024-12-20,61.4,61.4,61.55,59.25,60.65,99230.0
GLE FP,2024-12-20,26.685,26.685,26.7525,26.15,26.63,4182967.0
KPN NA,2024-12-23,3.493,3.493,3.511,3.47,3.509,3341867.0
ROVI SM,2024-12-23,61.75,61.75,61.95,61.2,61.35,47691.0
GLE FP,2024-12-23,26.615,26.615,26.86,26.425,26.725,1413405.0
NK FP,2024-12-23,27.12,27.12,27.3,26.64,26.92,40737.0
AALB NA,2024-12-23,33.7,33.7,33.84,33.48,33.6,84124.0
AALB NA,2024-12-24,34.18,34.18,34.22,33.84,33.84,47197.0
NK FP,2024-12-24,27.82,27.82,27.82,27.12,27.12,49031.0
GLE FP,2024-12-24,26.495,26.495,26.845,26.495,26.7,522107.0
ROVI SM,2024-12-24,61.7,61.7,62.1,61.55,61.8,22646.0
KPN NA,2024-12-24,3.506,3.506,3.511,3.496,3.496,1265086.0
GLE FP,2024-12-27,26.78,26.78,26.98,26.56,26.56,1621461.0
ROVI SM,2024-12-27,62.0,62.0,62.15,61.4,61.9,62688.0
KPN NA,2024-12-27,3.513,3.513,3.515,3.485,3.495,4105849.0
NK FP,2024-12-27,27.92,27.92,28.08,27.62,27.8,62059.0
AALB NA,2024-12-27,34.22,34.22,34.52,34.0,34.0,101346.0
NK FP,2024-12-30,27.72,27.72,28.08,27.64,27.9,43155.0
ROVI SM,2024-12-30,61.75,61.75,62.2,61.3,62.2,54126.0
AALB NA,2024-12-30,34.02,34.02,34.3,33.9,34.2,84962.0
GLE FP,2024-12-30,26.875,26.875,27.08,26.75,26.75,1254077.0
KPN NA,2024-12-30,3.495,3.495,3.519,3.495,3.507,4911254.0
NK FP,2024-12-31,28.2,28.2,28.2,27.74,27.74,12593.0
GLE FP,2024-12-31,27.16,27.16,27.165,26.765,26.785,564975.0
KPN NA,2024-12-31,3.515,3.515,3.515,3.475,3.475,2424167.0
ROVI SM,2024-12-31,62.95,62.95,62.95,61.4,61.4,39097.0
AALB NA,2024-12-31,34.34,34.34,34.42,33.9,33.98,25424.0
AALB NA,2025-01-02,34.44,34.44,34.62,34.14,34.46,86040.0
GLE FP,2025-01-02,27.08,27.08,27.4,26.515,27.205,1835448.0
ROVI SM,2025-01-02,64.0,64.0,64.0,63.0,63.35,64384.0
NK FP,2025-01-02,27.94,27.94,28.3,27.72,28.18,30453.0
KPN NA,2025-01-02,3.545,3.545,3.549,3.522,3.542,4388197.0
GLE FP,2025-01-03,26.525,26.525,27.115,26.39,27.005,2232616.0
AALB NA,2025-01-03,34.14,34.14,34.58,34.1,34.36,92206.0
ROVI SM,2025-01-03,63.15,63.15,64.4,62.8,64.2,54672.0
NK FP,2025-01-03,27.38,27.38,27.88,27.38,27.86,32057.0
KPN NA,2025-01-03,3.524,3.524,3.565,3.517,3.56,4142631.0
AALB NA,2025-01-06,34.84,34.84,35.12,34.34,34.48,119995.0
GLE FP,2025-01-06,27.35,27.35,27.53,26.625,26.75,3464544.0
NK FP,2025-01-06,30.32,30.32,30.64,28.06,28.06,143782.0
ROVI SM,2025-01-06,63.0,63.0,63.8,62.6,63.8,35881.0
KPN NA,2025-01-06,3.501,3.501,3.53,3.479,3.53,4801144.0
ROVI SM,2025-01-07,63.35,63.35,64.1,62.75,63.3,77286.0
AALB NA,2025-01-07,34.8,34.8,35.04,34.64,34.7,91677.0
GLE FP,2025-01-07,27.045,27.045,27.44,26.92,27.365,2553343.0
NK FP,2025-01-07,29.84,29.84,30.68,29.64,30.2,77306.0
KPN NA,2025-01-07,3.527,3.527,3.546,3.48,3.49,7646952.0
NK FP,2025-01-08,28.74,28.74,29.74,28.56,29.6,77553.0
ROVI SM,2025-01-08,64.45,64.45,64.45,63.2,63.3,74399.0
AALB NA,2025-01-08,33.98,33.98,34.72,33.88,34.6,91794.0
GLE FP,2025-01-08,27.585,27.585,27.675,27.05,27.235,2756263.0
KPN NA,2025-01-08,3.507,3.507,3.543,3.483,3.516,4852262.0
NK FP,2025-01-09,27.96,27.96,28.84,27.88,28.54,65066.0
ROVI SM,2025-01-09,62.6,62.6,64.4,62.2,64.4,66795.0
GLE FP,2025-01-09,27.405,27.405,27.415,27.035,27.345,1914148.0
AALB NA,2025-01-09,33.92,33.92,34.04,33.72,33.84,102969.0
KPN NA,2025-01-09,3.523,3.523,3.536,3.497,3.505,4356045.0
GLE FP,2025-01-10,27.255,27.255,27.57,27.2,27.3,2177575.0
KPN NA,2025-01-10,3.518,3.518,3.531,3.503,3.524,7515946.0
AALB NA,2025-01-10,33.24,33.24,33.96,33.18,33.96,122424.0
NK FP,2025-01-10,27.08,27.08,27.92,26.82,27.84,125734.0
ROVI SM,2025-01-10,63.5,63.5,63.5,61.6,63.1,68485.0
NK FP,2025-01-13,26.7,26.7,27.2,26.7,27.18,99473.0
GLE FP,2025-01-13,27.235,27.235,27.71,26.95,27.29,2097255.0
ROVI SM,2025-01-13,58.7,58.7,63.35,57.2,63.0,259562.0
KPN NA,2025-01-13,3.548,3.548,3.56,3.494,3.503,5826190.0
AALB NA,2025-01-13,32.36,32.36,33.02,32.04,33.0,143924.0
NK FP,2025-01-14,26.6,26.6,27.14,26.68,26.82,58142.0
GLE FP,2025-01-14,27.865,27.865,28.235,27.65,27.69,3670021.0
AALB NA,2025-01-14,32.18,32.18,33.12,32.08,32.96,149066.0
KPN NA,2025-01-14,3.521,3.521,3.56,3.521,3.547,5951101.0
ROVI SM,2025-01-14,58.0,58.0,59.45,57.75,59.0,94482.0
KPN NA,2025-01-15,3.498,3.498,3.543,3.498,3.523,11822626.0
NK FP,2025-01-15,27.34,27.34,27.54,26.7,26.7,60997.0
GLE FP,2025-01-15,28.72,28.72,28.96,27.92,28.02,3871939.0
AALB NA,2025-01-15,32.54,32.54,32.64,32.08,32.3,125284.0
ROVI SM,2025-01-15,59.25,59.25,59.25,57.75,58.0,84530.0
NK FP,2025-01-16,27.44,27.44,27.66,27.14,27.6,40617.0
ROVI SM,2025-01-16,60.15,60.15,60.15,59.45,59.85,86730.0
AALB NA,2025-01-16,33.24,33.24,33.24,32.72,33.04,190593.0
KPN NA,2025-01-16,3.528,3.528,3.528,3.482,3.494,7076509.0
GLE FP,2025-01-16,28.72,28.72,29.01,28.645,28.97,2589949.0
NK FP,2025-01-17,27.78,27.78,27.84,27.46,27.5,67073.0
KPN NA,2025-01-17,3.566,3.566,3.577,3.519,3.529,8155246.0
GLE FP,2025-01-17,28.74,28.74,29.06,28.67,28.805,2419775.0
AALB NA,2025-01-17,34.2,34.2,34.3,33.4,33.4,226551.0
ROVI SM,2025-01-17,60.3,60.3,61.05,59.95,59.95,102312.0
KPN NA,2025-01-20,3.6,3.6,3.6,3.557,3.558,6532575.0
AALB NA,2025-01-20,34.34,34.34,34.58,34.06,34.24,134346.0
ROVI SM,2025-01-20,61.35,61.35,61.4,60.45,60.55,66833.0
GLE FP,2025-01-20,29.465,29.465,29.465,28.805,28.805,3433135.0
NK FP,2025-01-20,27.78,27.78,28.06,27.56,27.56,49446.0
NK FP,2025-01-21,27.88,27.88,27.92,27.26,27.78,71778.0
KPN NA,2025-01-21,3.586,3.586,3.608,3.572,3.607,5391256.0
GLE FP,2025-01-21,29.32,29.32,29.42,29.21,29.4,2550868.0
ROVI SM,2025-01-21,62.45,62.45,62.65,60.9,61.35,58820.0
AALB NA,2025-01-21,34.14,34.14,34.48,34.0,34.2,83094.0
KPN NA,2025-01-22,3.579,3.579,3.593,3.569,3.589,7027560.0
ROVI SM,2025-01-22,61.6,61.6,63.05,61.3,62.55,70051.0
NK FP,2025-01-22,27.4,27.4,28.1,27.36,27.92,60593.0
GLE FP,2025-01-22,29.32,29.32,29.655,29.27,29.34,2525236.0
AALB NA,2025-01-22,34.12,34.12,34.52,34.08,34.14,88120.0
GLE FP,2025-01-23,29.985,29.985,30.0,29.305,29.315,3799789.0
KPN NA,2025-01-23,3.592,3.592,3.598,3.566,3.566,6815025.0
AALB NA,2025-01-23,33.82,33.82,34.16,33.58,34.04,95326.0
ROVI SM,2025-01-23,62.2,62.2,62.8,61.15,61.15,89763.0
NK FP,2025-01-23,27.52,27.52,27.86,27.4,27.4,57040.0
NK FP,2025-01-24,26.36,26.36,27.44,26.22,26.72,165271.0
GLE FP,2025-01-24,30.065,30.065,30.43,30.05,30.13,2208715.0
AALB NA,2025-01-24,33.92,33.92,34.58,33.92,33.96,89415.0
KPN NA,2025-01-24,3.522,3.522,3.586,3.505,3.578,9541006.0
ROVI SM,2025-01-24,62.75,62.75,62.8,61.15,62.1,65791.0
GLE FP,2025-01-27,30.275,30.275,30.745,30.04,30.16,2782293.0
KPN NA,2025-01-27,3.574,3.574,3.595,3.532,3.537,7928489.0
NK FP,2025-01-27,26.46,26.46,26.46,25.72,26.08,124092.0
AALB NA,2025-01-27,33.98,33.98,34.04,33.18,33.4,112523.0
ROVI SM,2025-01-27,63.1,63.1,63.45,62.3,62.45,76065.0
NK FP,2025-01-28,26.4,26.4,26.66,26.18,26.52,74188.0
ROVI SM,2025-01-28,63.7,63.7,63.7,62.8,62.8,68530.0
AALB NA,2025-01-28,34.28,34.28,34.44,33.62,33.94,112803.0
KPN NA,2025-01-28,3.606,3.606,3.627,3.574,3.574,7581737.0
GLE FP,2025-01-28,30.66,30.66,30.875,30.305,30.315,3136037.0
ROVI SM,2025-01-29,64.7,64.7,64.9,63.6,63.7,55079.0
NK FP,2025-01-29,26.26,26.26,26.74,25.94,26.5,61824.0
KPN NA,2025-01-29,3.622,3.622,3.631,3.572,3.592,10890873.0
AALB NA,2025-01-29,34.14,34.14,34.52,33.92,34.4,119800.0
GLE FP,2025-01-29,30.965,30.965,30.97,30.4,30.51,2742807.0
KPN NA,2025-01-30,3.554,3.554,3.605,3.5,3.584,12283946.0
NK FP,2025-01-30,26.86,26.86,26.96,26.52,26.52,50406.0
AALB NA,2025-01-30,34.4,34.4,34.8,34.18,34.26,137923.0
GLE FP,2025-01-30,31.055,31.055,31.17,30.725,30.945,3210310.0
ROVI SM,2025-01-30,65.5,65.5,65.7,64.65,64.95,84634.0
AALB NA,2025-01-31,34.3,34.3,34.7,34.18,34.42,165719.0
NK FP,2025-01-31,26.7,26.7,26.96,26.48,26.96,102804.0
GLE FP,2025-01-31,31.25,31.25,31.415,31.09,31.185,3855468.0
KPN NA,2025-01-31,3.491,3.491,3.55,3.491,3.55,16537984.0
ROVI SM,2025-01-31,65.55,65.55,66.55,65.5,66.0,98834.0
